ori,city,robbery,burglarly,violent-crime,arson,yr
AK0010100,"Anchorage,AK",558,1444,3472,73,2020
AK0010200,"Fairbanks,AK",41,171,260,16,2020
AK0010300,"Juneau,AK",87,23,31,14,2020
AK0010400,"Ketchikan,AK",6,42,68,4,2020
AK0010500,"Kodiak,AK",36,31,19,55,2020
AK0010600,"Nome,AK",93,10,80,83,2020
AK0010700,"Petersburg,AK",52,61,41,13,2020
AK0010800,"Seward,AK",83,29,23,39,2020
AK0010900,"Sitka,AK",90,90,43,69,2020
AK0011000,"Skagway,AK",57,19,49,15,2020
AK0011100,"Wrangell,AK",98,54,7,75,2020
AK0011200,"Valdez,AK",97,59,40,64,2020
AK0011300,"Bethel,AK",6,5,20,65,2020
AK0011400,"Cordova,AK",50,87,77,39,2020
AK0011600,"Kotzebue,AK",90,76,84,100,2020
AK0011700,"Palmer,AK",66,29,49,14,2020
AK0011800,"North Slope Borough,AK",82,20,86,50,2020
AK0011900,"Seldovia,AK",73,82,52,97,2020
AK0012000,"Soldotna,AK",20,16,27,7,2020
AK0012100,"Haines,AK",38,91,76,51,2020
AK0012200,"Homer,AK",75,71,84,34,2020
AK0012300,"Kenai,AK",12,84,10,79,2020
AK0012500,"Metlakatla Tribal,AK",14,20,65,58,2020
AK0012600,"Fairbanks International Airport,AK",43,92,70,17,2020
AK0012700,"Anchorage International Airport,AK",59,6,33,48,2020
AK0012800,"Whittier,AK",71,40,64,90,2020
AK0013000,"Dillingham,AK",47,33,75,42,2020
AK0013100,"Hoonah,AK",33,7,88,10,2020
AK0013200,"North Pole,AK",5,24,19,32,2020
AK0013300,"Unalaska,AK",54,88,73,38,2020
AK0013500,"Klawock,AK",31,94,28,97,2020
AK0014200,"University of Alaska: Fairbanks,AK",84,46,74,47,2020
AK0014300,"University of Alaska: Anchorage,AK",15,83,4,19,2020
AK0014500,"Craig,AK",8,83,87,31,2020
AK0014600,"Bristol Bay Borough,AK",10,47,70,86,2020
AK0015000,"St. Paul,AK",35,89,39,33,2020
AK0015200,"Sand Point,AK",36,29,53,35,2020
AK0015600,"Wasilla,AK",67,33,4,76,2020
AKAST0100,"State Troopers,AK",3,92,97,29,2020
AL0010000,"Jefferson County Sheriff's Office,AL",16,28,26,32,2020
AL0010100,"Bessemer,AL",13,11,42,63,2020
AL0010200,"Birmingham,AL",2,23,25,23,2020
AL0010300,"Mountain Brook,AL",27,78,29,70,2020
AL0010400,"Fairfield,AL",6,6,94,31,2020
AL0010500,"Gardendale,AL",10,74,27,18,2020
AL0010600,"Leeds,AL",95,32,2,70,2020
AL0010700,"Midfield,AL",76,72,16,100,2020
AL0010800,"Tarrant,AL",17,40,22,90,2020
AL0010900,"Vestavia Hills,AL",18,7,21,25,2020
AL0011000,"Homewood,AL",9,63,23,77,2020
AL0011100,"Fultondale,AL",14,51,26,85,2020
AL0011200,"Hoover,AL",95,70,23,45,2020
AL0011300,"Irondale,AL",16,18,7,54,2020
AL0011400,"Pleasant Grove,AL",13,70,89,52,2020
AL0011800,"Brighton,AL",89,26,96,90,2020
AL0011900,"Hueytown,AL",57,35,26,71,2020
AL0012000,"Lipscomb,AL",45,95,84,97,2020
AL0012100,"Trussville,AL",16,26,64,62,2020
AL0012200,"Adamsville,AL",58,51,13,47,2020
AL0012300,"Warrior,AL",68,78,44,83,2020
AL0012400,"University of Alabama: Birmingham,AL",97,65,70,61,2020
AL0012500,"Trafford,AL",55,63,4,11,2020
AL0012600,"Morris,AL",68,34,39,43,2020
AL0012700,"Brookside,AL",78,63,15,91,2020
AL0012900,"Kimberly,AL",60,14,56,27,2020
AL0013200,"Tannehill Ironworks Historic State Park,AL",89,12,41,78,2020
AL0013400,"Jefferson State Community College,AL",70,48,56,90,2020
AL001359E,"Norfolk Southern Railway,AL",59,32,22,75,2020
AL0014000,"Lawson State Community College,AL",85,47,29,40,2020
AL001419E,"Samford University,AL",37,12,23,64,2020
AL0014500,"Trussville Fire Department Fire and Explosion Investigation Unit,AL",78,31,11,91,2020
AL0020000,"Mobile County Sheriff's Office,AL",81,95,95,55,2020
AL0020100,"Mobile,AL",79,12,50,30,2020
AL0020200,"Prichard,AL",6,79,38,57,2020
AL0020300,"Chickasaw,AL",90,9,77,67,2020
AL0020400,"Citronelle,AL",49,85,55,94,2020
AL0020500,"Saraland,AL",32,40,41,9,2020
AL0020600,"Bayou La Batre,AL",51,98,13,21,2020
AL0020700,"Satsuma,AL",55,83,67,16,2020
AL0020800,"Mount Vernon,AL",84,53,38,70,2020
AL0021200,"Creola,AL",23,34,57,24,2020
AL0021300,"Mobile Regional Airport,AL",28,95,61,47,2020
AL0021400,"University of South Alabama,AL",91,22,65,90,2020
AL0021500,"Dauphin Island,AL",53,13,54,9,2020
AL0021700,"Bishop State Community College,AL",81,84,14,44,2020
AL0030000,"Montgomery County Sheriff's Office,AL",58,27,86,77,2020
AL0030100,"Montgomery,AL",39,99,14,6,2020
AL0030500,"Alabama Department of Mental Health,AL",28,81,72,79,2020
AL0030600,"Alabama State University,AL",33,81,94,40,2020
AL0030700,"Auburn University: Montgomery,AL",17,71,55,50,2020
AL0030800,"Alabama Public Service Commission Enforcement Division,AL",24,15,13,75,2020
AL0031400,"State Fire Marshal,AL",50,52,80,15,2020
AL0032500,"Department of Conservation, Montgomery,AL",66,24,37,62,2020
AL0033100,"Alabama Drug Enforcement Task Force,AL",56,78,76,29,2020
AL0033200,"Department of Corrections Investigations and Intelligence Division,AL",7,2,79,42,2020
AL0040000,"Autauga County Sheriff's Office,AL",67,93,99,75,2020
AL0040100,"Prattville,AL",44,16,26,59,2020
AL0040200,"Autaugaville,AL",59,65,19,5,2020
AL0050000,"Baldwin County Sheriff's Office,AL",24,33,71,21,2020
AL0050100,"Bay Minette,AL",91,57,35,73,2020
AL0050200,"Fairhope,AL",84,31,45,12,2020
AL0050300,"Foley,AL",44,49,90,62,2020
AL0050400,"Gulf Shores,AL",9,67,28,22,2020
AL0050500,"Robertsdale,AL",94,74,54,72,2020
AL0050600,"Loxley,AL",44,20,71,27,2020
AL0050700,"Silverhill,AL",35,89,51,76,2020
AL0050800,"Daphne,AL",90,65,64,77,2020
AL0050900,"Summerdale,AL",81,89,62,25,2020
AL0051000,"Elberta,AL",2,92,20,21,2020
AL0051100,"Faulkner State Community College,AL",45,15,24,13,2020
AL0051200,"Orange Beach,AL",13,82,7,60,2020
AL0051300,"Spanish Fort,AL",11,37,12,91,2020
AL0060000,"Barbour County Sheriff's Office,AL",63,44,79,89,2020
AL0060100,"Eufaula,AL",67,49,86,26,2020
AL0060200,"Clayton,AL",80,54,18,51,2020
AL0060300,"Clio,AL",93,27,66,75,2020
AL0060400,"Louisville,AL",31,47,67,52,2020
AL0060700,"Baker Hill,AL",4,21,72,73,2020
AL0070000,"Bibb County Sheriff's Office,AL",83,45,28,12,2020
AL0070100,"Centreville,AL",31,45,78,38,2020
AL0070200,"Brent,AL",31,61,99,25,2020
AL0070300,"West Blocton,AL",98,6,99,50,2020
AL0070400,"Woodstock,AL",12,49,83,17,2020
AL0080000,"Blount County Sheriff's Office,AL",24,98,2,71,2020
AL0080100,"Oneonta,AL",24,24,76,7,2020
AL0080200,"Blountsville,AL",98,78,33,31,2020
AL0080300,"Cleveland,AL",50,29,52,65,2020
AL0080400,"Snead,AL",26,86,45,74,2020
AL0080500,"Highland Lake,AL",39,50,66,56,2020
AL0080800,"Hayden,AL",54,27,59,53,2020
AL0090000,"Bullock County Sheriff's Office,AL",86,12,78,60,2020
AL0090100,"Union Springs,AL",10,43,79,86,2020
AL0100000,"Butler County Sheriff's Office,AL",98,95,6,74,2020
AL0100100,"Greenville,AL",36,72,29,50,2020
AL0100200,"Georgiana,AL",83,80,48,34,2020
AL0100300,"McKenzie,AL",43,49,42,87,2020
AL0110000,"Calhoun County Sheriff's Office,AL",8,24,51,9,2020
AL0110100,"Anniston,AL",16,71,81,21,2020
AL0110200,"Jacksonville,AL",31,31,11,29,2020
AL0110300,"Piedmont,AL",42,9,99,60,2020
AL0110400,"Weaver,AL",60,57,62,40,2020
AL0110500,"Oxford,AL",7,56,84,59,2020
AL0110600,"Hobson City,AL",61,66,56,56,2020
AL0110700,"Ohatchee,AL",72,8,43,4,2020
AL0110800,"Jacksonville State University,AL",74,32,62,66,2020
AL0120000,"Chambers County Sheriff's Office,AL",17,42,26,87,2020
AL0120100,"Lafayette,AL",6,48,29,76,2020
AL0120200,"Lanett,AL",12,26,37,68,2020
AL0120400,"Valley,AL",50,82,86,54,2020
AL0130000,"Cherokee County Sheriff's Office,AL",17,16,37,4,2020
AL0130100,"Centre,AL",14,86,97,74,2020
AL0130200,"Cedar Bluff,AL",38,71,57,45,2020
AL0130300,"Leesburg,AL",52,16,60,69,2020
AL0140000,"Chilton County Sheriff's Office,AL",93,66,52,94,2020
AL0140100,"Clanton,AL",38,56,46,74,2020
AL0140200,"Maplesville,AL",62,45,11,3,2020
AL0140300,"Jemison,AL",52,26,7,12,2020
AL0140400,"Thorsby,AL",54,95,20,22,2020
AL0150000,"Choctaw County Sheriff's Office,AL",81,96,84,70,2020
AL0150100,"Butler,AL",75,44,53,97,2020
AL0150200,"Gilbertown,AL",33,27,52,57,2020
AL0160000,"Clarke County Sheriff's Office,AL",25,94,38,37,2020
AL0160100,"Jackson,AL",26,53,57,2,2020
AL0160200,"Thomasville,AL",37,8,67,75,2020
AL0160300,"Grove Hill,AL",85,41,32,57,2020
AL0160400,"Fulton,AL",3,6,59,62,2020
AL0160600,"Coffeeville,AL",66,13,15,88,2020
AL0170000,"Clay County Sheriff's Office,AL",34,84,9,75,2020
AL0170100,"Ashland,AL",11,40,96,45,2020
AL0170200,"Lineville,AL",18,98,22,46,2020
AL0180000,"Cleburne County Sheriff's Office,AL",99,65,69,95,2020
AL0180100,"Heflin,AL",23,37,49,72,2020
AL0180200,"Ranburne,AL",97,5,22,67,2020
AL0190000,"Coffee County Sheriff's Office,AL",20,37,91,31,2020
AL0190100,"Elba,AL",59,34,43,13,2020
AL0190200,"Enterprise,AL",86,43,30,36,2020
AL0190300,"New Brockton,AL",82,13,86,39,2020
AL0190400,"Kinston,AL",63,4,79,32,2020
AL0190500,"Enterprise State Junior College,AL",36,45,9,70,2020
AL0200000,"Colbert County Sheriff's Office,AL",89,52,71,73,2020
AL0200100,"Sheffield,AL",55,99,57,31,2020
AL0200200,"Tuscumbia,AL",23,47,45,36,2020
AL0200300,"Muscle Shoals,AL",22,59,3,94,2020
AL0200400,"Cherokee,AL",86,47,36,3,2020
AL0200500,"Leighton,AL",37,12,55,15,2020
AL0200600,"Littleville,AL",48,97,39,66,2020
AL0200800,"Northwest-Shoals Community College,AL",9,45,65,8,2020
AL0210000,"Conecuh County Sheriff's Office,AL",74,80,4,67,2020
AL0210100,"Evergreen,AL",64,44,57,94,2020
AL0210200,"Castleberry,AL",59,45,21,22,2020
AL0210300,"Repton,AL",8,59,92,71,2020
AL0220000,"Coosa County Sheriff's Office,AL",97,85,22,72,2020
AL0220100,"Goodwater,AL",74,15,74,62,2020
AL0230000,"Covington County Sheriff's Office,AL",91,58,23,77,2020
AL0230100,"Andalusia,AL",5,31,5,75,2020
AL0230200,"Opp,AL",29,42,25,27,2020
AL0230300,"Florala,AL",61,71,88,96,2020
AL0230400,"Gantt,AL",18,19,15,91,2020
AL0230500,"Red Level,AL",8,66,90,67,2020
AL0230600,"Lockhart,AL",3,44,91,35,2020
AL0230700,"River Falls,AL",70,27,86,65,2020
AL0230800,"22nd Judicial Circuit Drug Task Force,AL",78,30,6,24,2020
AL0230900,"Lurleen B. Wallace Community College,AL",78,7,82,34,2020
AL0240000,"Crenshaw County Sheriff's Office,AL",35,78,38,2,2020
AL0240100,"Luverne,AL",8,17,26,65,2020
AL0240200,"Brantley,AL",40,37,13,98,2020
AL0240300,"Dozier,AL",71,54,46,40,2020
AL0250000,"Cullman County Sheriff's Office,AL",58,100,22,29,2020
AL0250100,"Cullman,AL",33,4,87,81,2020
AL0250200,"Hanceville,AL",22,70,43,83,2020
AL0250500,"Wallace State Community College,AL",23,87,10,80,2020
AL0260000,"Dale County Sheriff's Office,AL",98,79,45,73,2020
AL0260100,"Ozark,AL",51,23,15,89,2020
AL0260200,"Daleville,AL",14,44,34,32,2020
AL0260300,"Level Plains,AL",46,15,5,69,2020
AL0260400,"Napier Field,AL",72,64,75,14,2020
AL0260500,"Newton,AL",42,52,75,4,2020
AL0260600,"Midland City,AL",81,68,79,61,2020
AL0260700,"Pinckard,AL",29,88,54,87,2020
AL0260800,"Ariton,AL",99,60,91,42,2020
AL0260900,"Clayhatchee,AL",17,24,49,76,2020
AL0270000,"Dallas County Sheriff's Office,AL",18,69,34,44,2020
AL0270100,"Selma,AL",48,7,26,55,2020
AL0270200,"Wallace Community College: Selma,AL",80,35,98,14,2020
AL0280000,"DeKalb County Sheriff's Office,AL",45,79,33,90,2020
AL0280100,"Fort Payne,AL",21,19,81,17,2020
AL0280200,"Collinsville,AL",28,28,97,87,2020
AL0280300,"Geraldine,AL",63,90,79,22,2020
AL0280400,"Henagar,AL",8,70,77,80,2020
AL0280500,"Powell,AL",67,50,10,68,2020
AL0280600,"Mentone,AL",100,57,7,10,2020
AL0280700,"Rainsville,AL",21,95,63,88,2020
AL0280800,"Hammondville,AL",46,43,97,51,2020
AL0281000,"Crossville,AL",40,90,22,90,2020
AL0281100,"Fyffe,AL",30,68,34,14,2020
AL0281200,"Sylvania,AL",84,83,70,78,2020
AL0281300,"Valley Head,AL",84,35,29,2,2020
AL0281400,"Ider,AL",55,99,47,59,2020
AL0290000,"Elmore County Sheriff's Office,AL",14,13,58,90,2020
AL0290100,"Wetumpka,AL",89,67,28,22,2020
AL0290200,"Tallassee,AL",17,8,21,36,2020
AL0290300,"Eclectic,AL",22,33,61,90,2020
AL0290400,"Coosada,AL",51,54,13,61,2020
AL0290600,"Millbrook,AL",65,73,98,31,2020
AL0290700,"Central Alabama Drug Task Force,AL",24,92,32,20,2020
AL0300000,"Escambia County Sheriff's Office,AL",99,100,96,25,2020
AL0300100,"Atmore,AL",41,60,83,62,2020
AL0300200,"Brewton,AL",91,4,6,99,2020
AL0300300,"East Brewton,AL",16,20,91,41,2020
AL0300400,"Flomaton,AL",57,91,100,17,2020
AL0310000,"Etowah County Sheriff's Office,AL",93,70,97,38,2020
AL0310100,"Attalla,AL",80,92,55,16,2020
AL0310200,"Gadsden,AL",83,44,5,19,2020
AL0310400,"Glencoe,AL",36,15,90,54,2020
AL0310500,"Rainbow City,AL",3,11,14,99,2020
AL0310600,"Hokes Bluff,AL",68,60,90,27,2020
AL0310700,"Southside,AL",68,27,55,59,2020
AL0310800,"Sardis City,AL",66,55,31,17,2020
AL0310900,"Altoona,AL",13,65,8,30,2020
AL0311000,"Walnut Grove,AL",100,64,28,29,2020
AL0312200,"Etowah County Drug Enforcement Unit,AL",59,62,83,53,2020
AL0320000,"Fayette County Sheriff's Office,AL",3,12,13,5,2020
AL0320100,"Fayette,AL",88,66,73,93,2020
AL0320200,"Berry,AL",34,65,71,48,2020
AL0330000,"Franklin County Sheriff's Office,AL",25,26,15,57,2020
AL0330100,"Russellville,AL",82,49,18,17,2020
AL0330200,"Phil Campbell,AL",3,67,99,35,2020
AL0330300,"Red Bay,AL",74,66,19,19,2020
AL0330500,"Hodges,AL",11,100,89,23,2020
AL0340000,"Geneva County Sheriff's Office,AL",68,92,64,62,2020
AL0340100,"Geneva,AL",14,67,9,58,2020
AL0340200,"Samson,AL",72,2,77,38,2020
AL0340300,"Hartford,AL",98,31,87,77,2020
AL0340400,"Slocomb,AL",8,91,30,74,2020
AL0350000,"Greene County Sheriff's Office,AL",68,37,50,22,2020
AL0350100,"Eutaw,AL",21,77,72,13,2020
AL0360000,"Hale County Sheriff's Office,AL",100,78,24,4,2020
AL0360100,"Greensboro,AL",84,81,97,18,2020
AL0360200,"Moundville,AL",12,96,79,23,2020
AL0370000,"Henry County Sheriff's Office,AL",41,83,82,58,2020
AL0370100,"Abbeville,AL",33,48,92,44,2020
AL0370200,"Headland,AL",86,8,73,37,2020
AL0370300,"Newville,AL",62,63,42,8,2020
AL0380000,"Houston County Sheriff's Office,AL",60,4,73,95,2020
AL0380100,"Dothan,AL",77,32,99,81,2020
AL0380200,"Ashford,AL",27,15,9,46,2020
AL0380300,"Gordon,AL",2,38,34,74,2020
AL0380400,"Columbia,AL",39,35,99,67,2020
AL0380500,"Cottonwood,AL",60,3,3,4,2020
AL0380600,"Kinsey,AL",32,81,47,17,2020
AL0380700,"Dothan-Houston County Airport Authority,AL",56,97,82,76,2020
AL0380800,"Wallace Community College: Dothan,AL",71,97,11,12,2020
AL0380900,"Taylor,AL",75,69,25,5,2020
AL0390000,"Jackson County Sheriff's Office,AL",72,18,53,34,2020
AL0390100,"Scottsboro,AL",28,95,82,53,2020
AL0390200,"Bridgeport,AL",77,78,55,95,2020
AL0390300,"Stevenson,AL",7,32,63,54,2020
AL0390400,"Hollywood,AL",30,48,15,3,2020
AL0390500,"Pisgah,AL",40,59,16,31,2020
AL0390900,"Skyline,AL",45,4,54,75,2020
AL0400000,"Lamar County Sheriff's Office,AL",47,73,9,44,2020
AL0400100,"Sulligent,AL",60,68,13,75,2020
AL0400200,"Vernon,AL",88,14,65,60,2020
AL0400300,"Kennedy,AL",46,51,84,78,2020
AL0400400,"Millport,AL",12,16,18,28,2020
AL0410000,"Lauderdale County Sheriff's Office,AL",88,84,9,79,2020
AL0410100,"Florence,AL",38,68,77,56,2020
AL0410300,"Anderson,AL",34,14,78,80,2020
AL0410400,"St. Florian,AL",52,86,89,44,2020
AL0410500,"Lexington,AL",74,91,7,88,2020
AL0410600,"Rogersville,AL",69,65,7,82,2020
AL0410700,"Killen,AL",92,16,57,74,2020
AL0410800,"University of North Alabama,AL",13,3,64,89,2020
AL0420000,"Lawrence County Sheriff's Office,AL",94,50,86,73,2020
AL0420100,"Moulton,AL",10,96,20,19,2020
AL0420200,"Town Creek,AL",49,60,28,90,2020
AL0420300,"Courtland,AL",32,63,46,99,2020
AL0420400,"Hillsboro,AL",72,36,20,32,2020
AL0420500,"North Courtland,AL",24,66,71,36,2020
AL0420600,"Lawrence County Drug and Violent Crime Task Force,AL",59,44,45,35,2020
AL0430000,"Lee County Sheriff's Office,AL",89,79,85,42,2020
AL0430100,"Auburn,AL",98,75,13,84,2020
AL0430200,"Opelika,AL",86,20,96,80,2020
AL0440000,"Limestone County Sheriff's Office,AL",15,32,93,66,2020
AL0440100,"Athens,AL",51,35,83,4,2020
AL0440200,"Ardmore,AL",32,79,72,24,2020
AL0450000,"Lowndes County Sheriff's Office,AL",74,51,80,31,2020
AL0450100,"Fort Deposit,AL",27,71,60,98,2020
AL0450200,"Hayneville,AL",96,94,7,18,2020
AL0450500,"White Hall,AL",27,95,92,79,2020
AL0460000,"Macon County Sheriff's Office,AL",19,71,25,76,2020
AL0460100,"Tuskegee,AL",12,30,38,86,2020
AL0460200,"Notasulga,AL",45,33,62,43,2020
AL0460400,"Franklin,AL",57,29,74,50,2020
AL0460600,"Shorter,AL",52,28,76,48,2020
AL0460700,"Tuskegee University,AL",74,40,33,29,2020
AL0470000,"Madison County Sheriff's Office,AL",55,75,18,95,2020
AL0470100,"Huntsville,AL",59,52,71,69,2020
AL0470200,"Madison,AL",94,19,19,88,2020
AL0470300,"Gurley,AL",86,95,79,85,2020
AL0470400,"New Hope,AL",26,46,91,82,2020
AL0470500,"Owens Crossroads,AL",47,30,61,67,2020
AL0470600,"Triana,AL",12,72,80,53,2020
AL0470700,"University of Alabama: Huntsville,AL",84,66,44,48,2020
AL0470800,"Alabama A&M University,AL",54,37,48,12,2020
AL0470900,"Huntsville International Airport,AL",89,98,48,78,2020
AL0480000,"Marengo County Sheriff's Office,AL",87,37,53,35,2020
AL0480100,"Demopolis,AL",11,88,47,14,2020
AL0480200,"Linden,AL",13,20,87,79,2020
AL0480300,"Thomaston,AL",77,49,28,42,2020
AL0480600,"Sweet Water,AL",72,92,6,72,2020
AL0480700,"17th Judicial Circuit Drug Task Force,AL",94,47,32,75,2020
AL0490000,"Marion County Sheriff's Office,AL",82,78,3,53,2020
AL0490100,"Hamilton,AL",48,81,71,67,2020
AL049015A,"District Attorney:,AL",100,99,85,71,2020
AL0490200,"Winfield,AL",91,94,15,40,2020
AL0490300,"Guin,AL",70,64,99,35,2020
AL0490400,"Hackleburg,AL",39,98,75,89,2020
AL0490500,"Brilliant,AL",52,82,48,98,2020
AL0490700,"Bear Creek,AL",11,50,100,36,2020
AL0490800,"Marion County Drug Task Force,AL",96,11,95,83,2020
AL0500000,"Marshall County Sheriff's Office,AL",7,84,23,76,2020
AL0500100,"Albertville,AL",75,86,58,56,2020
AL0500200,"Guntersville,AL",90,39,10,27,2020
AL0500300,"Arab,AL",78,4,51,30,2020
AL0500400,"Boaz,AL",69,85,95,34,2020
AL0500500,"Grant,AL",80,93,16,2,2020
AL0500600,"Douglas,AL",23,7,16,57,2020
AL0500800,"Marshall County Drug Enforcement Unit,AL",5,45,38,96,2020
AL0510000,"Monroe County Sheriff's Office,AL",14,71,47,38,2020
AL0510100,"Monroeville,AL",92,63,24,41,2020
AL0510200,"Frisco City,AL",46,29,98,21,2020
AL0510400,"Excel,AL",92,38,32,68,2020
AL0520000,"Morgan County Sheriff's Office,AL",22,37,51,52,2020
AL0520100,"Decatur,AL",99,16,41,22,2020
AL0520200,"Hartselle,AL",43,85,52,4,2020
AL0520400,"Falkville,AL",26,43,15,6,2020
AL0520600,"Somerville,AL",70,28,16,74,2020
AL0520700,"Trinity,AL",42,20,76,19,2020
AL0520900,"Priceville,AL",54,44,12,51,2020
AL052119E,"Calhoun Community College,AL",95,71,72,31,2020
AL0530000,"Perry County Sheriff's Office,AL",3,17,15,44,2020
AL0530100,"Marion,AL",94,92,41,51,2020
AL0530200,"Uniontown,AL",69,69,77,87,2020
AL0540000,"Pickens County Sheriff's Office,AL",63,57,13,78,2020
AL0540100,"Aliceville,AL",78,65,61,50,2020
AL0540200,"Gordo,AL",27,32,37,65,2020
AL0540300,"Reform,AL",42,10,77,17,2020
AL0540400,"Carrollton,AL",14,26,9,77,2020
AL0540500,"Pickensville,AL",25,34,60,53,2020
AL0540700,"24th Judicial Circuit Drug and Violent Crime Task Force,AL",51,25,45,80,2020
AL0550000,"Pike County Sheriff's Office,AL",42,2,3,20,2020
AL0550100,"Troy,AL",51,7,45,91,2020
AL0550200,"Brundidge,AL",83,79,72,35,2020
AL0550300,"Troy University,AL",7,37,53,46,2020
AL0560000,"Randolph County Sheriff's Office,AL",26,60,4,51,2020
AL0560100,"Roanoke,AL",8,92,26,90,2020
AL0560200,"Wadley,AL",97,83,99,24,2020
AL0560300,"Wedowee,AL",39,47,14,91,2020
AL0560400,"Southern Union State Community College,AL",2,71,37,54,2020
AL0560500,"5th Judicial Circuit Narcotics Unit,AL",67,78,24,41,2020
AL0570000,"Russell County Sheriff's Office,AL",46,72,99,5,2020
AL0570100,"Phenix City,AL",2,77,33,12,2020
AL0570200,"Hurtsboro,AL",92,89,46,44,2020
AL0580000,"St. Clair County Sheriff's Office,AL",73,48,15,28,2020
AL0580100,"Pell City,AL",5,19,59,61,2020
AL0580200,"Ashville,AL",6,86,29,37,2020
AL0580300,"Ragland,AL",100,42,59,100,2020
AL0580400,"Springville,AL",21,5,69,61,2020
AL0580500,"Odenville,AL",17,40,66,5,2020
AL0580600,"Moody,AL",12,73,82,57,2020
AL0580700,"Riverside,AL",48,52,74,9,2020
AL0580800,"Margaret,AL",72,22,7,87,2020
AL0580900,"Steele,AL",75,60,15,86,2020
AL0581200,"Argo,AL",37,87,96,67,2020
AL0590000,"Shelby County Sheriff's Office,AL",4,8,95,5,2020
AL0590100,"Calera,AL",71,54,52,94,2020
AL0590200,"Columbiana,AL",84,44,11,74,2020
AL0590300,"Montevallo,AL",63,70,19,21,2020
AL0590400,"Alabaster,AL",89,43,55,20,2020
AL0590600,"Pelham,AL",55,42,93,36,2020
AL0590700,"Helena,AL",28,11,27,88,2020
AL0590900,"Harpersville,AL",58,54,43,43,2020
AL0591100,"University of Montevallo,AL",90,52,87,44,2020
AL0600000,"Sumter County Sheriff's Office,AL",3,66,63,76,2020
AL0600100,"York,AL",97,96,89,13,2020
AL0600200,"Livingston,AL",22,9,79,93,2020
AL0600300,"Cuba,AL",9,39,30,8,2020
AL0600500,"University of West Alabama,AL",55,11,75,53,2020
AL0610000,"Talladega County Sheriff's Office,AL",12,96,19,58,2020
AL0610100,"Sylacauga,AL",3,85,17,87,2020
AL0610200,"Talladega,AL",82,33,93,90,2020
AL0610300,"Childersburg,AL",46,62,100,87,2020
AL0610400,"Lincoln,AL",79,46,74,92,2020
AL0611200,"Munford,AL",69,68,25,61,2020
AL0620000,"Tallapoosa County Sheriff's Office,AL",74,27,54,91,2020
AL0620100,"Alexander City,AL",92,96,20,15,2020
AL0620200,"Dadeville,AL",30,19,48,78,2020
AL0620300,"Camp Hill,AL",93,100,70,84,2020
AL0620600,"New Site,AL",70,92,32,19,2020
AL0620700,"Jacksons Gap,AL",36,48,20,58,2020
AL0630000,"Tuscaloosa County Sheriff's Office,AL",15,41,57,17,2020
AL0630100,"Tuscaloosa,AL",11,46,75,21,2020
AL0630200,"Northport,AL",91,17,78,8,2020
AL0630300,"University of Alabama: Tuscaloosa,AL",34,72,23,50,2020
AL0630500,"Bryce State Hospital,AL",51,26,60,57,2020
AL0630700,"Vance,AL",63,41,70,7,2020
AL0630800,"Brookwood,AL",30,81,9,23,2020
AL0631100,"Lake View,AL",24,91,46,39,2020
AL0631400,"Coaling,AL",74,31,100,6,2020
AL0640000,"Walker County Sheriff's Office,AL",28,78,68,40,2020
AL0640100,"Jasper,AL",42,48,44,29,2020
AL0640200,"Carbon Hill,AL",86,35,14,52,2020
AL0640300,"Cordova,AL",37,60,21,23,2020
AL0640400,"Dora,AL",47,50,96,18,2020
AL0640500,"Sumiton,AL",56,38,17,21,2020
AL0640600,"Parrish,AL",47,29,9,13,2020
AL0640700,"Oakman,AL",13,63,28,92,2020
AL0640900,"Sipsey,AL",44,34,36,83,2020
AL0641100,"Bevill State Community College,AL",92,92,10,97,2020
AL0650000,"Washington County Sheriff's Office,AL",25,87,4,29,2020
AL0650100,"McIntosh,AL",77,56,11,88,2020
AL0650200,"Millry,AL",27,10,18,58,2020
AL0650300,"Chatom,AL",81,67,98,38,2020
AL0660000,"Wilcox County Sheriff's Office,AL",58,68,37,21,2020
AL0660100,"Camden,AL",78,54,42,16,2020
AL0660200,"Pine Hill,AL",97,6,56,38,2020
AL0670000,"Winston County Sheriff's Office,AL",34,48,73,36,2020
AL0670100,"Double Springs,AL",78,77,7,82,2020
AL0670200,"Haleyville,AL",92,74,10,90,2020
AL0670300,"Addison,AL",29,71,7,79,2020
AL0670400,"Arley,AL",55,31,77,55,2020
AL0670500,"Lynn,AL",34,57,41,21,2020
ALDI00300,"Poarch Creek Tribal,AL",98,37,8,53,2020
ALLEA0000,"Alabama Law Enforcement Agency,AL",21,80,75,45,2020
AR0010000,"Arkansas County Sheriff's Office,AR",76,43,28,6,2020
AR0010100,"De Witt,AR",57,41,55,71,2020
AR0010200,"Stuttgart,AR",14,14,78,61,2020
AR0010300,"Gillett,AR",14,15,50,2,2020
AR0010500,"St. Charles,AR",51,29,92,84,2020
AR0020000,"Ashley County Sheriff's Office,AR",29,58,61,39,2020
AR0020100,"Crossett,AR",51,39,70,35,2020
AR0020200,"Hamburg,AR",21,82,30,25,2020
AR0030000,"Baxter County Sheriff's Office,AR",95,56,27,6,2020
AR0030100,"Mountain Home,AR",81,15,86,57,2020
AR0030200,"Cotter,AR",3,43,70,10,2020
AR0030300,"Gassville,AR",17,92,4,55,2020
AR0030400,"Lakeview,AR",73,27,18,94,2020
AR0030500,"Norfork,AR",9,31,51,60,2020
AR0040000,"Benton County Sheriff's Office,AR",33,53,64,31,2020
AR0040100,"Bentonville,AR",32,20,41,81,2020
AR0040200,"Rogers,AR",75,72,24,92,2020
AR0040300,"Siloam Springs,AR",7,72,95,68,2020
AR0040400,"Pea Ridge,AR",26,42,98,29,2020
AR0040500,"Gentry,AR",88,64,34,60,2020
AR0040600,"Lowell,AR",36,23,22,39,2020
AR0040700,"Gravette,AR",13,6,57,20,2020
AR0040800,"Decatur,AR",20,59,61,52,2020
AR0040900,"Cave Springs,AR",81,5,15,97,2020
AR0041100,"Sulphur Springs,AR",51,62,95,58,2020
AR0041300,"Centerton,AR",34,37,93,19,2020
AR0041600,"Little Flock,AR",44,45,41,23,2020
AR0041700,"Northwest Arkansas Regional Airport,AR",90,85,57,5,2020
AR0042000,"Highfill,AR",32,34,4,38,2020
AR0042100,"Bella Vista,AR",12,83,96,88,2020
AR0050000,"Boone County Sheriff's Office,AR",24,80,80,71,2020
AR0050100,"Harrison,AR",54,75,79,13,2020
AR0050200,"Diamond City,AR",27,53,92,77,2020
AR0050500,"Lead Hill,AR",37,41,81,65,2020
AR0060000,"Bradley County Sheriff's Office,AR",72,69,23,26,2020
AR0060100,"Warren,AR",99,93,16,88,2020
AR0070000,"Calhoun County Sheriff's Office,AR",11,21,96,59,2020
AR0070100,"Hampton,AR",99,61,96,92,2020
AR0080000,"Carroll County Sheriff's Office,AR",16,19,27,17,2020
AR0080100,"Berryville,AR",9,11,90,99,2020
AR0080200,"Eureka Springs,AR",98,75,95,60,2020
AR0080300,"Green Forest,AR",34,83,53,62,2020
AR0090000,"Chicot County Sheriff's Office,AR",71,96,82,23,2020
AR0090100,"Dermott,AR",32,10,80,64,2020
AR0090200,"Eudora,AR",24,51,77,25,2020
AR0090300,"Lake Village,AR",32,92,58,59,2020
AR0100000,"Clark County Sheriff's Office,AR",8,49,88,29,2020
AR0100100,"Arkadelphia,AR",62,72,29,98,2020
AR0100200,"Gurdon,AR",47,19,3,74,2020
AR0100300,"Caddo Valley,AR",65,98,77,99,2020
AR0100400,"Henderson State University,AR",59,7,93,31,2020
AR0100500,"Amity,AR",31,36,38,62,2020
AR0110000,"Clay County Sheriff's Office,AR",8,41,45,15,2020
AR0110100,"Corning,AR",72,54,90,11,2020
AR0110200,"Piggott,AR",59,95,45,77,2020
AR0120000,"Cleburne County Sheriff's Office,AR",3,49,45,44,2020
AR0120100,"Heber Springs,AR",22,46,11,93,2020
AR0120200,"Quitman,AR",82,26,50,41,2020
AR0120300,"Greers Ferry,AR",32,30,68,21,2020
AR0130000,"Cleveland County Sheriff's Office,AR",12,15,91,47,2020
AR0140000,"Columbia County Sheriff's Office,AR",77,14,26,35,2020
AR0140100,"Magnolia,AR",16,18,35,11,2020
AR0140500,"Southern Arkansas University,AR",15,5,71,41,2020
AR0150000,"Conway County Sheriff's Office,AR",26,4,99,25,2020
AR0150100,"Morrilton,AR",94,61,99,7,2020
AR0150300,"Plumerville,AR",92,51,99,73,2020
AR0150400,"Menifee,AR",86,79,61,28,2020
AR0150500,"University of Arkansas Community College at Morrilton,AR",8,82,2,62,2020
AR0160000,"Craighead County Sheriff's Office,AR",4,95,37,47,2020
AR0160100,"Jonesboro,AR",44,85,92,41,2020
AR0160200,"Caraway,AR",75,69,63,67,2020
AR0160300,"Lake City,AR",47,63,16,8,2020
AR0160400,"Bay,AR",100,51,55,45,2020
AR0160500,"Arkansas State University: Jonesboro,AR",77,56,86,49,2020
AR0160600,"Monette,AR",15,52,99,46,2020
AR0160700,"Bono,AR",12,40,2,13,2020
AR0161500,"Brookland,AR",15,65,28,62,2020
AR0170000,"Crawford County Sheriff's Office,AR",63,14,87,22,2020
AR0170100,"Van Buren,AR",90,56,15,31,2020
AR0170200,"Alma,AR",95,51,50,42,2020
AR0170300,"Mulberry,AR",94,44,65,39,2020
AR0170500,"Dyer,AR",20,100,46,67,2020
AR0170600,"Mountainburg,AR",47,26,87,7,2020
AR0171200,"Cedarville,AR",22,99,65,36,2020
AR0180000,"Crittenden County Sheriff's Office,AR",66,72,95,48,2020
AR0180100,"West Memphis,AR",66,51,17,11,2020
AR0180200,"Earle,AR",68,60,25,58,2020
AR0180300,"Turrell,AR",41,78,71,48,2020
AR0180400,"Marion,AR",33,28,23,15,2020
AR0181000,"Jericho,AR",49,76,90,98,2020
AR0190000,"Cross County Sheriff's Office,AR",72,69,15,38,2020
AR0190100,"Wynne,AR",95,3,75,2,2020
AR0190300,"Cherry Valley,AR",48,74,51,42,2020
AR0200000,"Dallas County Sheriff's Office,AR",65,62,71,57,2020
AR0200100,"Fordyce,AR",34,54,31,66,2020
AR0210000,"Desha County Sheriff's Office,AR",73,40,28,94,2020
AR0210100,"McGehee,AR",73,80,40,98,2020
AR0210300,"Dumas,AR",67,78,14,42,2020
AR0220000,"Drew County Sheriff's Office,AR",10,16,87,22,2020
AR0220100,"Monticello,AR",14,89,18,92,2020
AR0220300,"University of Arkansas: Monticello,AR",12,67,78,18,2020
AR0230000,"Faulkner County Sheriff's Office,AR",9,94,19,80,2020
AR0230100,"Conway,AR",18,10,28,32,2020
AR0230200,"Greenbrier,AR",24,43,57,38,2020
AR0230300,"Mayflower,AR",94,29,27,64,2020
AR0230400,"Vilonia,AR",22,4,35,81,2020
AR0230500,"Guy,AR",11,89,29,80,2020
AR0230600,"University of Central Arkansas,AR",28,9,39,59,2020
AR0240000,"Franklin County Sheriff's Office,AR",30,50,87,52,2020
AR0240100,"Ozark,AR",36,32,26,93,2020
AR0240200,"Charleston,AR",55,82,9,23,2020
AR0240300,"Altus,AR",84,73,21,46,2020
AR0250000,"Fulton County Sheriff's Office,AR",49,80,98,85,2020
AR0250100,"Salem,AR",72,23,43,68,2020
AR0250200,"Mammoth Spring,AR",92,56,80,58,2020
AR0260000,"Garland County Sheriff's Office,AR",36,69,44,45,2020
AR0260100,"Hot Springs,AR",83,29,10,44,2020
AR0270000,"Grant County Sheriff's Office,AR",75,70,18,29,2020
AR0270100,"Sheridan,AR",96,80,73,80,2020
AR0280000,"Greene County Sheriff's Office,AR",60,61,75,36,2020
AR0280100,"Paragould,AR",70,22,2,54,2020
AR0280200,"Marmaduke,AR",64,3,53,6,2020
AR0290000,"Hempstead County Sheriff's Office,AR",66,2,7,94,2020
AR0290100,"Hope,AR",47,38,92,98,2020
AR0300000,"Hot Spring County Sheriff's Office,AR",35,38,78,28,2020
AR0300100,"Malvern,AR",11,17,13,91,2020
AR0310000,"Howard County Sheriff's Office,AR",17,58,87,30,2020
AR0310100,"Nashville,AR",76,53,57,6,2020
AR0310200,"Dierks,AR",62,27,66,44,2020
AR0310400,"Mineral Springs,AR",93,53,60,30,2020
AR0320000,"Independence County Sheriff's Office,AR",26,50,35,54,2020
AR0320100,"Batesville,AR",47,84,79,61,2020
AR0330000,"Izard County Sheriff's Office,AR",11,51,94,32,2020
AR0340000,"Jackson County Sheriff's Office,AR",69,85,74,74,2020
AR0340100,"Newport,AR",55,34,68,14,2020
AR0340200,"Tuckerman,AR",98,64,100,57,2020
AR0340300,"Diaz,AR",5,36,28,69,2020
AR0340600,"Swifton,AR",38,4,51,8,2020
AR0340700,"Arkansas State University: Newport,AR",34,31,16,66,2020
AR0350000,"Jefferson County Sheriff's Office,AR",11,7,23,12,2020
AR0350100,"Pine Bluff,AR",17,73,61,14,2020
AR0350200,"White Hall,AR",95,63,46,63,2020
AR0350300,"Redfield,AR",12,16,2,83,2020
AR0350400,"University of Arkansas: Pine Bluff,AR",29,72,9,97,2020
AR0360000,"Johnson County Sheriff's Office,AR",55,73,54,98,2020
AR0360100,"Clarksville,AR",88,28,80,12,2020
AR0360300,"Lamar,AR",97,72,6,56,2020
AR0370000,"Lafayette County Sheriff's Office,AR",98,59,37,45,2020
AR0370200,"Stamps,AR",37,64,52,100,2020
AR0370300,"Lewisville,AR",13,18,77,89,2020
AR0380000,"Lawrence County Sheriff's Office,AR",86,77,19,76,2020
AR0380100,"Walnut Ridge,AR",11,30,58,99,2020
AR0380200,"Hoxie,AR",27,63,47,46,2020
AR0380400,"Ravenden,AR",16,66,73,86,2020
AR0390000,"Lee County Sheriff's Office,AR",67,98,3,22,2020
AR0390100,"Marianna,AR",79,94,22,72,2020
AR0400000,"Lincoln County Sheriff's Office,AR",84,89,5,30,2020
AR0400200,"Star City,AR",12,39,29,30,2020
AR0410000,"Little River County Sheriff's Office,AR",66,22,25,27,2020
AR0410100,"Ashdown,AR",21,68,36,63,2020
AR0420000,"Logan County Sheriff's Office,AR",14,11,73,17,2020
AR0420100,"Booneville,AR",35,10,83,37,2020
AR0420200,"Paris,AR",8,70,47,63,2020
AR0430000,"Lonoke County Sheriff's Office,AR",76,51,51,83,2020
AR0430100,"England,AR",80,14,54,9,2020
AR0430200,"Cabot,AR",59,15,61,28,2020
AR0430300,"Carlisle,AR",41,27,47,90,2020
AR0430400,"Lonoke,AR",73,17,50,99,2020
AR0430500,"Austin,AR",43,91,58,32,2020
AR0430600,"Ward,AR",11,38,68,37,2020
AR0440000,"Madison County Sheriff's Office,AR",52,5,39,60,2020
AR0440100,"Huntsville,AR",61,5,38,55,2020
AR0450000,"Marion County Sheriff's Office,AR",54,48,51,75,2020
AR0450200,"Bull Shoals,AR",68,64,99,31,2020
AR0450300,"Flippin,AR",21,55,68,68,2020
AR0460000,"Miller County Sheriff's Office,AR",64,31,38,57,2020
AR0460100,"Texarkana,AR",6,43,46,34,2020
AR0470000,"Mississippi County Sheriff's Office,AR",31,63,88,26,2020
AR0470100,"Blytheville,AR",35,53,70,59,2020
AR0470200,"Osceola,AR",81,93,48,79,2020
AR0470300,"Leachville,AR",88,17,27,23,2020
AR0470500,"Luxora,AR",52,66,28,46,2020
AR0470600,"Wilson,AR",96,74,21,9,2020
AR0470700,"Gosnell,AR",43,82,20,5,2020
AR0471000,"Etowah,AR",75,38,43,94,2020
AR0480000,"Monroe County Sheriff's Office,AR",14,56,98,71,2020
AR0480100,"Brinkley,AR",19,42,33,75,2020
AR0480200,"Clarendon,AR",96,57,65,50,2020
AR0490000,"Montgomery County Sheriff's Office,AR",70,50,82,72,2020
AR0500000,"Nevada County Sheriff's Office,AR",13,36,98,22,2020
AR0500100,"Prescott,AR",68,76,91,54,2020
AR0510000,"Newton County Sheriff's Office,AR",70,59,67,10,2020
AR0520000,"Ouachita County Sheriff's Office,AR",53,50,66,32,2020
AR0520100,"Camden,AR",60,65,38,34,2020
AR0520200,"Bearden,AR",7,86,59,54,2020
AR0520600,"Southern Arkansas University Tech,AR",95,51,90,8,2020
AR0530000,"Perry County Sheriff's Office,AR",91,42,74,18,2020
AR0530100,"Perryville,AR",6,63,65,32,2020
AR0540000,"Phillips County Sheriff's Office,AR",84,80,53,9,2020
AR0540100,"Helena-West Helena,AR",8,6,69,61,2020
AR0540300,"Marvell,AR",78,41,27,38,2020
AR0550000,"Pike County Sheriff's Office,AR",91,73,23,23,2020
AR0550100,"Murfreesboro,AR",30,24,42,61,2020
AR0550200,"Glenwood,AR",52,26,73,31,2020
AR0560000,"Poinsett County Sheriff's Office,AR",5,63,39,77,2020
AR0560100,"Marked Tree,AR",28,68,78,18,2020
AR0560200,"Trumann,AR",98,96,82,89,2020
AR0560300,"Harrisburg,AR",22,2,52,21,2020
AR0560400,"Lepanto,AR",54,78,26,3,2020
AR0560500,"Tyronza,AR",63,2,68,55,2020
AR0560700,"Weiner,AR",83,14,94,19,2020
AR0570000,"Polk County Sheriff's Office,AR",17,87,12,80,2020
AR0570100,"Mena,AR",23,78,99,87,2020
AR0580000,"Pope County Sheriff's Office,AR",47,31,71,64,2020
AR0580100,"Russellville,AR",17,27,49,72,2020
AR0580200,"Atkins,AR",37,16,20,60,2020
AR0580400,"Arkansas Tech University,AR",73,32,58,80,2020
AR0580700,"Dover,AR",24,30,21,70,2020
AR0581000,"Pottsville,AR",4,31,4,26,2020
AR0581900,"Pottsville School District,AR",42,95,88,74,2020
AR0590000,"Prairie County Sheriff's Office,AR",5,14,5,42,2020
AR0590100,"Hazen,AR",3,98,70,35,2020
AR0590200,"Des Arc,AR",4,59,65,8,2020
AR0600000,"Pulaski County Sheriff's Office,AR",39,94,7,91,2020
AR0600100,"Jacksonville,AR",55,56,86,87,2020
AR0600200,"Little Rock,AR",73,39,69,49,2020
AR0600300,"North Little Rock,AR",36,31,94,99,2020
AR0600400,"Sherwood,AR",58,15,48,64,2020
AR0600500,"University of Arkansas: Little Rock,AR",83,83,68,29,2020
AR0600700,"Alexander,AR",55,91,59,33,2020
AR0600800,"Cammack Village,AR",53,60,4,77,2020
AR0600900,"University of Arkansas: Medical Sciences,AR",74,44,24,48,2020
AR0601400,"Camp Robinson,AR",92,36,25,31,2020
AR0601600,"Maumelle,AR",88,64,79,93,2020
AR0601700,"State Capitol,AR",34,73,38,86,2020
AR0602400,"Pulaski Technical College,AR",25,97,80,68,2020
AR0610000,"Randolph County Sheriff's Office,AR",36,65,49,34,2020
AR0610100,"Pocahontas,AR",6,39,100,20,2020
AR0620000,"St. Francis County Sheriff's Office,AR",89,3,90,70,2020
AR0620100,"Forrest City,AR",13,22,22,91,2020
AR0620200,"Hughes,AR",77,60,82,30,2020
AR0620600,"Madison ,AR",86,17,89,100,2020
AR0630000,"Saline County Sheriff's Office,AR",41,71,97,39,2020
AR0630100,"Benton,AR",39,70,47,63,2020
AR0630200,"Bryant,AR",34,80,55,78,2020
AR0630300,"Haskell,AR",74,67,25,18,2020
AR0630400,"Shannon Hills,AR",87,56,4,51,2020
AR0640000,"Scott County Sheriff's Office,AR",71,17,40,68,2020
AR0640100,"Waldron,AR",61,74,22,72,2020
AR0650000,"Searcy County Sheriff's Office,AR",31,19,80,32,2020
AR0650100,"Marshall,AR",25,59,4,80,2020
AR0660000,"Sebastian County Sheriff's Office,AR",73,10,9,82,2020
AR0660100,"Fort Smith,AR",53,3,65,82,2020
AR0660200,"Greenwood,AR",29,83,82,84,2020
AR0660300,"Barling,AR",91,18,22,55,2020
AR0660600,"Hackett,AR",24,41,45,89,2020
AR0660700,"Mansfield,AR",55,72,85,28,2020
AR0660900,"Hartford,AR",29,48,23,63,2020
AR0661200,"Lavaca,AR",14,93,89,75,2020
AR0661700,"Huntington,AR",42,11,90,18,2020
AR0661900,"Fort Smith Public Schools,AR",68,4,43,71,2020
AR0670000,"Sevier County Sheriff's Office,AR",93,34,54,22,2020
AR0670100,"De Queen,AR",98,37,32,71,2020
AR0680000,"Sharp County Sheriff's Office,AR",12,46,71,26,2020
AR0680200,"Hardy,AR",57,91,28,45,2020
AR0680300,"Ash Flat,AR",17,6,62,59,2020
AR0680400,"Cherokee Village,AR",36,22,45,48,2020
AR0680600,"Highland,AR",99,51,67,76,2020
AR0690000,"Stone County Sheriff's Office,AR",48,70,77,69,2020
AR0690100,"Mountain View,AR",45,45,69,69,2020
AR0700000,"Union County Sheriff's Office,AR",27,46,93,77,2020
AR0700100,"El Dorado,AR",27,3,43,98,2020
AR0710000,"Van Buren County Sheriff's Office,AR",24,49,83,11,2020
AR0710100,"Fairfield Bay,AR",79,85,78,42,2020
AR0710200,"Clinton,AR",92,71,66,37,2020
AR0710300,"Damascus,AR",27,32,39,91,2020
AR0720000,"Washington County Sheriff's Office,AR",95,50,60,73,2020
AR0720100,"Fayetteville,AR",54,30,71,78,2020
AR0720200,"Springdale,AR",10,78,12,13,2020
AR0720300,"Prairie Grove,AR",68,4,83,75,2020
AR0720400,"University of Arkansas: Fayetteville,AR",87,88,63,45,2020
AR0720500,"Farmington,AR",70,29,59,92,2020
AR0720600,"Lincoln,AR",53,6,43,32,2020
AR0720700,"Greenland,AR",50,72,75,51,2020
AR0720800,"West Fork,AR",32,68,49,23,2020
AR0720900,"Johnson,AR",44,26,52,29,2020
AR0721000,"Elkins,AR",88,61,2,87,2020
AR0721600,"Goshen,AR",66,36,96,53,2020
AR0730000,"White County Sheriff's Office,AR",6,32,42,35,2020
AR0730100,"Searcy,AR",87,73,68,56,2020
AR0730200,"Bald Knob,AR",41,14,48,35,2020
AR0730300,"Beebe,AR",35,73,18,95,2020
AR0730400,"Kensett,AR",9,47,3,81,2020
AR0730600,"Rose Bud,AR",19,81,15,71,2020
AR0730700,"Judsonia,AR",8,96,84,32,2020
AR0730800,"Bradford,AR",43,14,45,78,2020
AR0730900,"Higginson,AR",100,65,11,92,2020
AR0731000,"McRae,AR",50,96,21,78,2020
AR0731200,"Arkansas State University: Beebe,AR",11,91,80,64,2020
AR0740000,"Woodruff County Sheriff's Office,AR",89,91,21,55,2020
AR0740100,"Augusta,AR",89,34,9,24,2020
AR0740200,"McCrory,AR",20,96,2,80,2020
AR0740400,"Patterson,AR",57,53,2,38,2020
AR0750000,"Yell County Sheriff's Office,AR",29,65,18,41,2020
AR0750100,"Dardanelle,AR",91,17,11,98,2020
AR0750200,"Danville,AR",33,78,84,3,2020
AR0750300,"Ola,AR",77,45,95,52,2020
ARASP0000,"Arkansas State,AR",94,84,28,41,2020
AZ0010000,"Apache County Sheriff's Office,AZ",75,55,41,23,2020
AZ0010100,"Eagar,AZ",100,13,78,12,2020
AZ0010300,"St. Johns,AZ",15,22,68,77,2020
AZ0010500,"Springerville,AZ",36,40,31,64,2020
AZ0018900,"Navajo Nation,AZ",24,2,56,87,2020
AZ0020000,"Cochise County Sheriff's Office,AZ",73,62,41,57,2020
AZ0020100,"Benson,AZ",67,32,50,50,2020
AZ0020300,"Bisbee,AZ",35,93,69,88,2020
AZ0020500,"Douglas,AZ",12,61,17,19,2020
AZ0020700,"Huachuca City,AZ",4,64,5,7,2020
AZ0020900,"Sierra Vista,AZ",34,80,56,41,2020
AZ0021100,"Tombstone,AZ",12,7,50,89,2020
AZ0021300,"Willcox,AZ",4,18,83,87,2020
AZ0030000,"Coconino County Sheriff's Office,AZ",17,68,5,44,2020
AZ0030100,"Flagstaff,AZ",53,83,13,63,2020
AZ0030300,"Fredonia,AZ",64,18,70,35,2020
AZ0030700,"Williams,AZ",99,68,64,75,2020
AZ0030800,"Page,AZ",22,95,15,65,2020
AZ0039700,"Northern Arizona University,AZ",4,57,88,61,2020
AZ0040000,"Gila County Sheriff's Office,AZ",88,77,68,27,2020
AZ0040100,"Globe,AZ",79,83,62,48,2020
AZ0040300,"Hayden,AZ",18,11,53,99,2020
AZ0040500,"Miami,AZ",59,72,77,24,2020
AZ0040600,"Payson,AZ",58,20,15,7,2020
AZ0048900,"San Carlos Apache,AZ",65,85,57,7,2020
AZ0050000,"Graham County Sheriff's Office,AZ",65,18,100,69,2020
AZ0050100,"Pima,AZ",20,91,98,53,2020
AZ0050300,"Safford,AZ",23,91,4,23,2020
AZ0050500,"Thatcher,AZ",92,39,51,52,2020
AZ0060000,"Greenlee County Sheriff's Office,AZ",28,89,91,31,2020
AZ0060100,"Clifton,AZ",12,26,72,45,2020
AZ0070000,"Maricopa County Sheriff's Office,AZ",23,24,7,41,2020
AZ0070100,"Avondale,AZ",66,90,35,60,2020
AZ0070300,"Buckeye,AZ",50,78,67,61,2020
AZ0070500,"Chandler,AZ",28,89,20,56,2020
AZ0070700,"El Mirage,AZ",30,3,82,25,2020
AZ0071100,"Gilbert,AZ",10,53,85,31,2020
AZ0071300,"Glendale,AZ",16,47,18,17,2020
AZ0071500,"Goodyear,AZ",97,18,91,70,2020
AZ0071700,"Mesa,AZ",51,58,32,7,2020
AZ0071900,"Paradise Valley,AZ",77,31,3,7,2020
AZ0072100,"Peoria,AZ",31,62,88,61,2020
AZ0072300,"Phoenix,AZ",43,13,54,61,2020
AZ0072500,"Scottsdale,AZ",52,48,24,36,2020
AZ0072700,"Surprise,AZ",69,93,44,25,2020
AZ0072900,"Tempe,AZ",22,42,60,2,2020
AZ0073100,"Tolleson,AZ",34,13,71,35,2020
AZ0073300,"Wickenburg,AZ",89,42,36,10,2020
AZ0076200,"Maricopa Community College,AZ",24,74,81,26,2020
AZ0078900,"Salt River Tribal,AZ",51,36,16,48,2020
AZ0079700,"Arizona State University: Main Campus,AZ",38,78,38,96,2020
AZ007990X,"Litchfield Park,AZ",8,15,76,8,2020
AZ007B300,"Fort McDowell Tribal,AZ",2,38,90,22,2020
AZ0080000,"Mohave County Sheriff's Office,AZ",14,86,92,13,2020
AZ0080100,"Kingman,AZ",10,78,6,78,2020
AZ0080300,"Fort Mojave Tribal,AZ",84,34,40,18,2020
AZ0080400,"Lake Havasu City,AZ",31,73,57,66,2020
AZ0080500,"Bullhead City,AZ",97,77,19,76,2020
AZ0080600,"Colorado City,AZ",83,76,65,59,2020
AZ0080700,"Kaibab Paiute Tribal,AZ",9,61,71,55,2020
AZ0090000,"Navajo County Sheriff's Office,AZ",62,70,39,22,2020
AZ0090100,"Holbrook,AZ",75,77,100,100,2020
AZ0090300,"Show Low,AZ",58,10,35,82,2020
AZ0090500,"Snowflake-Taylor,AZ",42,52,55,21,2020
AZ0090900,"Winslow,AZ",71,88,78,45,2020
AZ0091300,"Pinetop-Lakeside,AZ",30,67,80,67,2020
AZ0098900,"White Mountain Apache Tribal,AZ",54,76,7,44,2020
AZ0100000,"Pima County Sheriff's Office,AZ",27,35,16,76,2020
AZ0100100,"South Tucson,AZ",80,59,37,35,2020
AZ0100300,"Tucson,AZ",74,58,67,80,2020
AZ0100400,"Sahuarita,AZ",9,61,97,92,2020
AZ0100700,"Oro Valley,AZ",37,65,4,35,2020
AZ0100900,"Marana,AZ",85,26,39,99,2020
AZ0101000,"Tucson Airport Authority,AZ",67,59,61,27,2020
AZ0101200,"Tohono O'odham Nation,AZ",74,79,100,27,2020
AZ0109700,"University of Arizona,AZ",80,94,100,55,2020
AZ0109800,"Pima Community College,AZ",69,59,71,92,2020
AZ0110000,"Pinal County Sheriff's Office,AZ",91,78,50,91,2020
AZ0110100,"Casa Grande,AZ",22,21,76,78,2020
AZ0110300,"Coolidge,AZ",29,89,69,31,2020
AZ0110500,"Eloy,AZ",34,64,17,39,2020
AZ0110700,"Florence,AZ",6,38,19,17,2020
AZ0110900,"Kearny,AZ",2,60,45,57,2020
AZ0111100,"Mammoth,AZ",44,97,35,36,2020
AZ0111200,"Superior,AZ",43,80,41,4,2020
AZ0111300,"Apache Junction,AZ",58,72,11,67,2020
AZ0111500,"Gila River Indian Community,AZ",60,79,76,57,2020
AZ0111700,"Maricopa,AZ",96,21,3,37,2020
AZ0119700,"Central Arizona College,AZ",69,9,93,64,2020
AZ0120000,"Santa Cruz County Sheriff's Office,AZ",14,99,36,94,2020
AZ0120100,"Nogales,AZ",11,41,93,88,2020
AZ0120300,"Patagonia,AZ",76,10,21,91,2020
AZ0130000,"Yavapai County Sheriff's Office,AZ",71,83,5,64,2020
AZ0130100,"Clarkdale,AZ",27,13,91,5,2020
AZ0130300,"Cottonwood,AZ",29,48,23,22,2020
AZ0130500,"Jerome,AZ",60,77,55,78,2020
AZ0130700,"Prescott,AZ",44,44,38,66,2020
AZ0130800,"Yavapai College,AZ",52,10,4,30,2020
AZ0131100,"Prescott Valley,AZ",94,12,25,79,2020
AZ0131200,"Chino Valley,AZ",58,68,60,10,2020
AZ0131300,"Camp Verde,AZ",46,10,80,62,2020
AZ0131400,"Sedona,AZ",100,22,74,63,2020
AZ0140000,"Yuma County Sheriff's Office,AZ",48,60,27,70,2020
AZ0140300,"Somerton,AZ",50,24,54,69,2020
AZ0140500,"Yuma,AZ",86,25,98,80,2020
AZ0140700,"Cocopah Tribal,AZ",30,99,14,77,2020
AZ0140800,"San Luis,AZ",86,84,8,27,2020
AZ0140900,"Wellton,AZ",61,8,72,75,2020
AZ0141000,"Quechan Tribal,AZ",53,87,97,30,2020
AZ0149700,"Arizona Western College,AZ",13,89,65,65,2020
AZ0150000,"La Paz County Sheriff's Office,AZ",4,5,80,61,2020
AZ0150100,"Parker,AZ",39,24,24,30,2020
AZ0150200,"Colorado River Tribal,AZ",24,3,79,15,2020
AZ0150300,"Quartzsite,AZ",51,80,83,17,2020
AZCCHPX00,"Arizona Department of Public Safety,AZ",42,43,76,61,2020
AZDI02300,"Yavapai-Prescott Tribal,AZ",99,10,100,46,2020
AZDI05200,"San Carlos Agency,AZ",96,100,88,14,2020
AZDI05300,"Hopi Tribal,AZ",26,55,60,87,2020
AZDI05900,"Colorado River Agency,AZ",41,72,6,46,2020
AZDI06000,"Truxton Canon Agency,AZ",39,98,47,93,2020
AZDI06200,"Fort Apache Agency,AZ",91,13,29,62,2020
AZDI06500,"Ak-Chin Tribal,AZ",97,70,29,72,2020
AZDI06600,"Pascua Yaqui Tribal,AZ",95,87,100,4,2020
AZDI06700,"Hualapai Tribal,AZ",53,83,18,43,2020
AZDI06900,"Yavapai-Apache Nation,AZ",10,81,63,8,2020
AZDI08100,"Tonto Apache Tribal,AZ",55,15,40,2,2020
AZDI08900,"Hopi Resource Enforcement Agency,AZ",60,32,35,64,2020
CA0010000,"Alameda County Sheriff's Office,CA",11,12,69,97,2020
CA0010100,"Alameda,CA",62,90,41,29,2020
CA0010200,"Albany,CA",49,88,61,13,2020
CA0010300,"Berkeley,CA",91,4,13,52,2020
CA0010400,"Emeryville,CA",32,57,82,77,2020
CA0010500,"Fremont,CA",49,80,57,8,2020
CA0010600,"Hayward,CA",17,60,22,6,2020
CA0010700,"Livermore,CA",7,62,87,62,2020
CA0010800,"Newark,CA",5,73,65,22,2020
CA0010900,"Oakland,CA",24,11,8,74,2020
CA0011000,"Piedmont,CA",8,78,42,16,2020
CA0011100,"Pleasanton,CA",69,98,37,97,2020
CA0011200,"San Leandro,CA",67,95,3,84,2020
CA0011300,"Union City,CA",78,96,34,94,2020
CA0011400,"East Bay Regional Parks: Alameda County,CA",73,60,52,18,2020
CA0011500,"California State University: East Bay,CA",63,5,66,43,2020
CA0011600,"Union Pacific Railroad: Alameda County,CA",29,93,42,71,2020
CA0012100,"San Francisco Bay Area Rapid Transit: Alameda County,CA",50,31,76,100,2020
CA001300X,"Dublin,CA",60,33,39,22,2020
CA0014100,"Department of Parks and Recreation:,CA",35,7,60,19,2020
CA0019700,"University of California: Berkeley,CA",20,3,61,85,2020
CA0019900,"Highway Patrol: Alameda County,CA",70,77,64,7,2020
CA0020000,"Alpine County Sheriff's Office,CA",77,12,30,8,2020
CA0029900,"Highway Patrol: Alpine County,CA",93,46,61,48,2020
CA0030000,"Amador County Sheriff's Office,CA",5,93,64,45,2020
CA0030200,"Ione,CA",88,61,33,18,2020
CA0030300,"Jackson,CA",17,82,34,15,2020
CA0030500,"Sutter Creek,CA",69,64,8,27,2020
CA0030600,"Union Pacific Railroad: Amador County,CA",62,16,19,95,2020
CA0039900,"Highway Patrol: Amador County,CA",56,83,9,38,2020
CA0040000,"Butte County Sheriff's Office,CA",64,33,33,35,2020
CA0040200,"Chico,CA",90,95,61,51,2020
CA0040300,"Gridley,CA",17,7,2,8,2020
CA0040400,"Oroville,CA",79,80,62,5,2020
CA0040500,"Paradise,CA",96,36,85,23,2020
CA0040600,"Union Pacific Railroad: Butte County,CA",57,75,29,86,2020
CA0040700,"Department of Parks and Recreation: Northern Buttes,CA",70,52,35,54,2020
CA0049700,"California State University: Chico,CA",87,45,96,72,2020
CA0049900,"Highway Patrol: Butte County,CA",32,6,31,33,2020
CA0050000,"Calaveras County Sheriff's Office,CA",8,25,70,43,2020
CA0050100,"City of Angels,CA",99,41,32,95,2020
CA0050200,"Union Pacific Railroad: Calaveras County,CA",35,5,7,59,2020
CA0050300,"Department of Parks and Recreation: Calaveras County,CA",26,20,43,30,2020
CA0059900,"Highway Patrol: Calaveras County,CA",16,25,56,9,2020
CA0060000,"Colusa County Sheriff's Office,CA",25,68,52,91,2020
CA0060100,"Colusa,CA",82,85,3,29,2020
CA0060200,"Williams,CA",94,33,68,58,2020
CA0060300,"Union Pacific Railroad: Colusa County,CA",59,8,23,70,2020
CA0069900,"Highway Patrol: Colusa County,CA",27,58,75,4,2020
CA0070000,"Contra Costa County Sheriff's Office,CA",72,39,88,51,2020
CA0070100,"Antioch,CA",48,100,97,3,2020
CA0070200,"Brentwood,CA",57,78,67,39,2020
CA0070300,"Clayton,CA",45,93,96,11,2020
CA0070400,"Concord,CA",49,21,17,23,2020
CA0070500,"El Cerrito,CA",26,60,88,81,2020
CA0070600,"Hercules,CA",82,96,31,8,2020
CA0070700,"Pinole,CA",47,47,57,97,2020
CA0070800,"Pittsburg,CA",38,66,62,81,2020
CA0070900,"Pleasant Hill,CA",20,32,82,77,2020
CA0071000,"Richmond,CA",20,57,26,14,2020
CA0071100,"San Pablo,CA",11,56,50,79,2020
CA0071200,"Walnut Creek,CA",62,85,49,33,2020
CA0071300,"Kensington,CA",16,92,68,8,2020
CA0071400,"Martinez,CA",5,50,75,99,2020
CA0071500,"Lafayette,CA",92,58,53,39,2020
CA0071600,"Moraga,CA",40,11,89,76,2020
CA0071800,"San Francisco Bay Area Rapid Transit: Contra Costa County,CA",83,81,75,82,2020
CA0072100,"Contra Costa Community College,CA",80,53,53,22,2020
CA007230X,"Danville,CA",67,62,84,28,2020
CA007240X,"San Ramon,CA",91,59,46,16,2020
CA007260X,"Orinda,CA",88,71,65,63,2020
CA0073300,"Union Pacific Railroad: Contra Costa County,CA",35,26,71,94,2020
CA007340X,"Oakley,CA",80,94,23,80,2020
CA0079900,"Highway Patrol: Contra Costa County,CA",2,95,49,48,2020
CA0080000,"Del Norte County Sheriff's Office,CA",63,39,34,57,2020
CA0080100,"Crescent City,CA",91,87,62,59,2020
CA008980X,"Highway Patrol: Del Norte County,CA",92,5,49,17,2020
CA0090000,"El Dorado County Sheriff's Office,CA",62,25,50,31,2020
CA0090100,"Placerville,CA",38,14,94,50,2020
CA0090200,"South Lake Tahoe,CA",53,87,16,83,2020
CA009030X,"Union Pacific Railroad: El Dorado County,CA",72,60,64,35,2020
CA0099900,"Highway Patrol: El Dorado County,CA",97,91,38,27,2020
CA0100000,"Fresno County Sheriff's Office,CA",77,65,80,94,2020
CA0100100,"Clovis,CA",44,22,39,60,2020
CA0100200,"Coalinga,CA",41,73,83,92,2020
CA0100300,"Firebaugh,CA",31,23,61,20,2020
CA0100400,"Fowler,CA",31,60,83,88,2020
CA0100500,"Fresno,CA",46,54,41,62,2020
CA0100600,"Huron,CA",72,8,71,18,2020
CA0100700,"Kerman,CA",71,10,51,9,2020
CA0100800,"Kingsburg,CA",52,87,61,22,2020
CA0100900,"Mendota,CA",51,28,100,78,2020
CA0101000,"Orange Cove,CA",75,69,41,30,2020
CA0101100,"Parlier,CA",24,94,34,14,2020
CA0101200,"Reedley,CA",83,2,34,86,2020
CA0101300,"Sanger,CA",30,38,61,2,2020
CA0101500,"Selma,CA",100,43,81,63,2020
CA0101700,"State Center Community College District,CA",50,15,20,14,2020
CA0102400,"Union Pacific Railroad: Fresno County,CA",31,5,97,12,2020
CA0103000,"Department of Parks and Recreation: San Joaquin,CA",80,39,35,93,2020
CA0103500,"Clovis Unified School District,CA",57,12,39,24,2020
CA0109700,"California State University: Fresno,CA",15,70,61,62,2020
CA0109900,"Highway Patrol: Fresno County,CA",12,25,64,72,2020
CA010M15M,"Coalinga State Hospital,CA",67,79,86,3,2020
CA0110000,"Glenn County Sheriff's Office,CA",89,32,92,69,2020
CA0110100,"Orland,CA",57,77,9,65,2020
CA011030X,"Union Pacific Railroad: Glenn County,CA",97,86,50,64,2020
CA0119900,"Highway Patrol: Glenn County,CA",75,42,96,17,2020
CA0120000,"Humboldt County Sheriff's Office,CA",65,13,93,96,2020
CA0120100,"Arcata,CA",17,30,71,100,2020
CA0120300,"Eureka,CA",51,66,87,36,2020
CA0120400,"Ferndale,CA",60,5,19,60,2020
CA0120500,"Fortuna,CA",13,2,34,39,2020
CA0120700,"Rio Dell,CA",67,45,97,44,2020
CA0120800,"Humboldt State University,CA",44,22,62,21,2020
CA012090X,"Union Pacific Railroad: Humboldt County,CA",39,95,36,2,2020
CA0121100,"Department of Parks and Recreation: North Coast Redwoods,CA",3,94,89,93,2020
CA0129900,"Highway Patrol: Humboldt County,CA",79,92,56,8,2020
CA0130000,"Imperial County Sheriff's Office,CA",55,11,38,99,2020
CA0130100,"Brawley,CA",4,26,61,93,2020
CA0130200,"Calexico,CA",66,19,12,24,2020
CA0130300,"Calipatria,CA",10,93,61,2,2020
CA0130400,"El Centro,CA",40,27,81,95,2020
CA0130500,"Holtville,CA",92,25,73,27,2020
CA0130600,"Imperial,CA",22,34,23,87,2020
CA0130700,"Westmorland,CA",4,85,19,84,2020
CA013080X,"Union Pacific Railroad: Imperial County,CA",80,62,79,29,2020
CA0139900,"Highway Patrol: Imperial County,CA",89,60,42,51,2020
CA0140000,"Inyo County Sheriff's Office,CA",75,82,34,99,2020
CA0140100,"Bishop,CA",99,82,19,24,2020
CA014030X,"Union Pacific Railroad: Inyo County,CA",82,11,49,30,2020
CA0149900,"Highway Patrol: Inyo County,CA",36,34,81,51,2020
CA0150000,"Kern County Sheriff's Office,CA",15,21,24,41,2020
CA0150100,"Arvin,CA",24,44,44,82,2020
CA0150200,"Bakersfield,CA",11,14,52,81,2020
CA0150300,"Delano,CA",26,38,74,19,2020
CA0150500,"McFarland,CA",3,52,58,15,2020
CA0150600,"Ridgecrest,CA",76,5,81,91,2020
CA0150700,"Shafter,CA",99,69,85,74,2020
CA0150800,"Taft,CA",39,13,52,9,2020
CA0150900,"Tehachapi,CA",38,82,91,46,2020
CA0151100,"California City,CA",10,24,19,56,2020
CA0151400,"Stallion Springs,CA",47,23,18,40,2020
CA0151500,"Bear Valley,CA",14,80,99,80,2020
CA0152100,"Kern High School District,CA",5,3,97,23,2020
CA0152200,"Union Pacific Railroad: Kern County,CA",59,22,8,45,2020
CA0159700,"California State University: Bakersfield,CA",86,35,49,85,2020
CA0159900,"Highway Patrol: Kern County,CA",81,34,51,55,2020
CA0160000,"Kings County Sheriff's Office,CA",19,26,56,24,2020
CA0160100,"Corcoran,CA",91,93,58,53,2020
CA0160200,"Hanford,CA",70,35,56,89,2020
CA0160300,"Lemoore,CA",60,98,2,2,2020
CA0160500,"Union Pacific Railroad: Kings County,CA",67,46,29,49,2020
CA016060X,"Porterville Developmental Center,CA",22,54,57,74,2020
CA016070X,"Avenal,CA",90,93,5,3,2020
CA0169900,"Highway Patrol: Kings County,CA",42,51,47,36,2020
CA0170000,"Lake County Sheriff's Office,CA",11,100,25,70,2020
CA0170100,"Lakeport,CA",37,73,60,37,2020
CA0170200,"Clearlake,CA",5,51,70,4,2020
CA0179900,"Highway Patrol: Lake County,CA",54,35,5,9,2020
CA0180000,"Lassen County Sheriff's Office,CA",83,49,42,22,2020
CA0180100,"Susanville,CA",23,8,10,86,2020
CA018030X,"Union Pacific Railroad: Lassen County,CA",48,45,28,81,2020
CA0189900,"Highway Patrol: Lassen County,CA",58,55,70,47,2020
CA0190000,"Los Angeles County Sheriff's Office,CA",28,43,51,7,2020
CA0190100,"Alhambra,CA",27,90,98,48,2020
CA0190200,"Arcadia,CA",77,31,75,53,2020
CA0190300,"Artesia,CA",37,99,37,58,2020
CA0190400,"Avalon,CA",95,66,38,70,2020
CA0190500,"Azusa,CA",32,86,9,70,2020
CA0190600,"Baldwin Park,CA",28,8,75,42,2020
CA0190700,"Bell,CA",59,66,80,18,2020
CA0190800,"Bellflower,CA",73,52,28,78,2020
CA0190900,"Bell Gardens,CA",12,91,18,74,2020
CA0190C00,"El Camino College,CA",43,74,90,3,2020
CA0190D0X,"La Habra Heights,CA",48,37,25,99,2020
CA0190I00,"Union Pacific Railroad: Los Angeles County,CA",91,38,43,90,2020
CA0190K00,"Los Angeles County Metropolitan Transportation Authority,CA",44,3,78,92,2020
CA0190R00,"Pasadena Community College,CA",74,95,36,10,2020
CA0190X0X,"Westlake Village,CA",59,97,86,46,2020
CA0191000,"Beverly Hills,CA",73,37,43,81,2020
CA0191100,"Bradbury,CA",62,71,70,43,2020
CA0191200,"Burbank,CA",53,8,55,10,2020
CA0191300,"Claremont,CA",26,79,68,93,2020
CA0191400,"Commerce,CA",94,29,44,39,2020
CA0191500,"Compton,CA",71,82,98,30,2020
CA0191600,"Covina,CA",43,28,63,49,2020
CA0191700,"Cudahy,CA",59,29,17,84,2020
CA0191800,"Culver City,CA",13,88,36,74,2020
CA0191900,"Cerritos,CA",17,19,31,42,2020
CA0191F00,"Agoura Hills,CA",97,9,72,28,2020
CA0191H0X,"West Hollywood,CA",33,87,30,9,2020
CA0191N00,"Baldwin Park Unified School District,CA",52,78,52,99,2020
CA0191R0X,"Santa Clarita,CA",88,19,17,2,2020
CA0191W0X,"Diamond Bar,CA",90,96,31,18,2020
CA0192000,"Downey,CA",9,41,51,56,2020
CA0192100,"Duarte,CA",3,3,87,83,2020
CA0192200,"El Monte,CA",37,97,50,56,2020
CA0192300,"El Segundo,CA",82,46,16,96,2020
CA0192400,"Gardena,CA",36,15,61,80,2020
CA0192500,"Glendale,CA",3,55,50,37,2020
CA0192600,"Glendora,CA",76,63,35,43,2020
CA0192700,"Hawaiian Gardens,CA",14,36,25,30,2020
CA0192800,"Hawthorne,CA",87,85,60,51,2020
CA0192900,"Hermosa Beach,CA",57,16,65,96,2020
CA0192H0X,"Calabasas,CA",48,6,92,66,2020
CA0192J0X,"Malibu,CA",48,87,11,41,2020
CA0192U0X,"Los Angeles Transportation Services Bureau,CA",44,74,89,82,2020
CA0193000,"Hidden Hills,CA",91,74,74,49,2020
CA0193100,"Huntington Park,CA",12,36,9,76,2020
CA0193200,"Industry,CA",27,8,94,72,2020
CA0193300,"Inglewood,CA",57,11,3,54,2020
CA0193400,"Irwindale,CA",89,56,32,83,2020
CA0193500,"Lakewood,CA",30,69,84,8,2020
CA0193600,"La Mirada,CA",3,15,65,95,2020
CA0193700,"La Puente,CA",10,71,7,93,2020
CA0193800,"La Verne,CA",49,59,63,12,2020
CA0193900,"Lawndale,CA",22,42,72,9,2020
CA0194000,"Lomita,CA",46,11,33,66,2020
CA0194100,"Long Beach,CA",59,9,53,47,2020
CA0194200,"Los Angeles,CA",9,91,77,23,2020
CA0194300,"Lynwood,CA",27,88,9,25,2020
CA0194400,"Manhattan Beach,CA",70,30,33,24,2020
CA0194500,"Maywood,CA",27,78,52,18,2020
CA0194600,"Monrovia,CA",97,20,93,48,2020
CA0194700,"Montebello,CA",60,30,78,52,2020
CA0194800,"Monterey Park,CA",18,46,4,25,2020
CA0194900,"Norwalk,CA",86,48,87,71,2020
CA0195000,"Palmdale,CA",27,65,19,21,2020
CA0195100,"Palos Verdes Estates,CA",5,54,25,6,2020
CA0195200,"Paramount,CA",16,44,21,88,2020
CA0195300,"Pasadena,CA",19,46,35,33,2020
CA0195400,"Pico Rivera,CA",89,14,92,11,2020
CA0195500,"Pomona,CA",45,91,94,46,2020
CA0195600,"Redondo Beach,CA",76,78,88,4,2020
CA0195700,"Rolling Hills,CA",82,44,86,72,2020
CA0195800,"Rolling Hills Estates,CA",24,11,81,29,2020
CA0195900,"Rosemead,CA",42,46,55,86,2020
CA0196000,"San Dimas,CA",9,84,17,41,2020
CA0196100,"San Fernando,CA",13,81,96,82,2020
CA0196200,"San Gabriel,CA",19,68,16,12,2020
CA0196300,"San Marino,CA",43,75,57,37,2020
CA0196400,"Santa Fe Springs,CA",97,74,31,39,2020
CA0196500,"Santa Monica,CA",77,45,48,4,2020
CA0196600,"Sierra Madre,CA",79,20,88,54,2020
CA0196700,"Signal Hill,CA",84,7,43,8,2020
CA0196800,"South El Monte,CA",92,74,73,52,2020
CA0196900,"South Gate,CA",10,5,44,18,2020
CA0197000,"South Pasadena,CA",99,3,37,24,2020
CA0197100,"Temple City,CA",44,83,52,69,2020
CA0197200,"Torrance,CA",91,56,72,84,2020
CA0197300,"Vernon,CA",40,88,85,60,2020
CA0197400,"Walnut,CA",66,81,70,95,2020
CA0197500,"West Covina,CA",34,80,69,59,2020
CA0197600,"Whittier,CA",81,34,12,36,2020
CA0197700,"Carson,CA",61,59,49,12,2020
CA0197800,"California State Polytechnic University: Pomona,CA",14,8,62,32,2020
CA0198000,"Rancho Palos Verdes,CA",7,36,69,42,2020
CA0198100,"California State University: Dominguez Hills,CA",65,13,50,98,2020
CA0198200,"California State University: Long Beach,CA",34,60,50,77,2020
CA0198300,"California State University: Los Angeles,CA",46,81,17,93,2020
CA0198400,"California State University: Northridge,CA",81,69,16,80,2020
CA019900X,"La Canada Flintridge,CA",75,93,36,77,2020
CA019960X,"Lancaster,CA",8,44,78,56,2020
CA0199700,"University of California: Los Angeles,CA",99,28,32,54,2020
CA0199900,"Highway Patrol: Los Angeles County,CA",93,2,34,41,2020
CA019A900,"Metropolitan State Hospital,CA",84,16,11,24,2020
CA0200000,"Madera County Sheriff's Office,CA",36,28,5,21,2020
CA0200100,"Chowchilla,CA",91,61,99,27,2020
CA0200200,"Madera,CA",88,19,10,97,2020
CA020040X,"Union Pacific Railroad: Madera County,CA",84,78,84,38,2020
CA0209900,"Highway Patrol: Madera County,CA",64,86,77,5,2020
CA0210000,"Marin County Sheriff's Office,CA",70,72,42,24,2020
CA0210100,"Belvedere,CA",53,65,33,34,2020
CA0210300,"Fairfax,CA",84,98,90,48,2020
CA0210500,"Mill Valley,CA",30,81,96,88,2020
CA0210600,"Novato,CA",60,96,96,31,2020
CA0210700,"Ross,CA",91,4,99,27,2020
CA0210900,"San Rafael,CA",50,27,20,63,2020
CA0211000,"Sausalito,CA",52,81,43,91,2020
CA0211100,"Tiburon,CA",17,42,29,52,2020
CA021120X,"Union Pacific Railroad: Marin County,CA",95,81,91,5,2020
CA0211300,"Marin Community College,CA",33,79,2,83,2020
CA0211700,"Central Marin,CA",65,48,41,21,2020
CA0219900,"Highway Patrol: Marin County,CA",76,41,35,83,2020
CA0220000,"Mariposa County Sheriff's Office,CA",16,54,99,73,2020
CA0229900,"Highway Patrol: Mariposa County,CA",25,65,67,74,2020
CA0230000,"Mendocino County Sheriff's Office,CA",5,5,27,74,2020
CA0230100,"Fort Bragg,CA",98,86,57,9,2020
CA0230300,"Ukiah,CA",16,88,3,46,2020
CA0230400,"Willits,CA",36,65,20,14,2020
CA0230900,"Union Pacific Railroad: Mendocino County,CA",77,68,41,46,2020
CA0239900,"Highway Patrol: Mendocino County,CA",51,44,70,92,2020
CA0240000,"Merced County Sheriff's Office,CA",99,66,11,98,2020
CA0240100,"Atwater,CA",60,87,90,57,2020
CA0240200,"Dos Palos,CA",27,74,71,74,2020
CA0240300,"Gustine,CA",64,28,94,13,2020
CA0240400,"Livingston,CA",95,29,49,92,2020
CA0240500,"Los Banos,CA",23,3,41,17,2020
CA0240600,"Merced,CA",81,53,46,34,2020
CA024080X,"Union Pacific Railroad: Merced County,CA",34,42,7,16,2020
CA0241000,"Department of Parks and Recreation: Four Rivers District,CA",49,75,41,63,2020
CA0241200,"University of California: Merced,CA",52,64,92,40,2020
CA0249900,"Highway Patrol: Merced County,CA",42,73,45,57,2020
CA0250000,"Modoc County Sheriff's Office,CA",25,86,9,43,2020
CA0250100,"Alturas,CA",61,18,29,70,2020
CA025020X,"Union Pacific Railroad: Modoc County,CA",55,69,98,43,2020
CA0259900,"Highway Patrol: Modoc County,CA",33,35,52,48,2020
CA0260000,"Mono County Sheriff's Office,CA",87,64,29,45,2020
CA0260100,"Mammoth Lakes,CA",48,87,12,61,2020
CA0269900,"Highway Patrol: Mono County,CA",21,47,83,35,2020
CA0270000,"Monterey County Sheriff's Office,CA",88,9,42,45,2020
CA0270100,"Carmel,CA",16,2,4,90,2020
CA0270200,"Del Rey Oaks,CA",67,30,86,80,2020
CA0270300,"Gonzales,CA",31,68,40,25,2020
CA0270400,"Greenfield,CA",6,96,4,23,2020
CA0270500,"King City,CA",61,39,5,61,2020
CA0270600,"Monterey,CA",40,38,55,76,2020
CA0270700,"Pacific Grove,CA",60,86,55,7,2020
CA0270800,"Salinas,CA",49,22,11,39,2020
CA0270900,"Sand City,CA",15,13,67,22,2020
CA0271000,"Seaside,CA",46,80,6,54,2020
CA0271100,"Soledad,CA",63,68,77,85,2020
CA0271200,"Marina,CA",83,85,9,15,2020
CA027150X,"Union Pacific Railroad: Monterey County,CA",42,76,54,39,2020
CA0271700,"Department of Parks and Recreation: Monterey County,CA",56,26,49,54,2020
CA0271900,"California State University: Monterey Bay,CA",48,2,91,90,2020
CA0279900,"Highway Patrol: Monterey County,CA",46,62,19,84,2020
CA0280000,"Napa County Sheriff's Office,CA",61,77,32,85,2020
CA0280100,"Calistoga,CA",47,7,33,80,2020
CA0280200,"Napa,CA",15,43,22,35,2020
CA0280300,"St. Helena,CA",69,28,84,49,2020
CA028060X,"Union Pacific Railroad: Napa County,CA",58,65,27,25,2020
CA0280800,"Napa State Hospital,CA",72,21,72,33,2020
CA0280900,"American Canyon,CA",30,73,58,2,2020
CA0281000,"Yountville,CA",10,38,22,66,2020
CA0289900,"Highway Patrol: Napa County,CA",82,62,3,97,2020
CA0290000,"Nevada County Sheriff's Office,CA",31,52,10,31,2020
CA0290100,"Grass Valley,CA",27,26,71,79,2020
CA0290200,"Nevada City,CA",8,89,16,9,2020
CA029030X,"Union Pacific Railroad: Nevada County,CA",72,16,61,74,2020
CA0290800,"Truckee,CA",26,68,13,35,2020
CA0299900,"Highway Patrol: Nevada County,CA",59,16,61,83,2020
CA0300000,"Orange County Sheriff's Office,CA",8,54,71,99,2020
CA0300100,"Anaheim,CA",46,95,39,12,2020
CA0300200,"Brea,CA",53,48,100,16,2020
CA0300300,"Buena Park,CA",58,88,94,14,2020
CA0300400,"Costa Mesa,CA",48,14,70,97,2020
CA0300500,"Cypress,CA",19,23,32,85,2020
CA0300600,"La Palma,CA",32,69,31,5,2020
CA0300700,"Fountain Valley,CA",39,40,16,46,2020
CA0300800,"Fullerton,CA",61,2,94,72,2020
CA0300900,"Garden Grove,CA",42,29,91,60,2020
CA0301000,"Huntington Beach,CA",57,58,59,10,2020
CA0301100,"Laguna Beach,CA",31,76,34,48,2020
CA0301200,"La Habra,CA",38,94,66,66,2020
CA0301300,"Los Alamitos,CA",75,18,97,3,2020
CA0301400,"Newport Beach,CA",73,38,91,90,2020
CA0301500,"Orange,CA",9,52,92,18,2020
CA0301600,"Placentia,CA",97,37,28,86,2020
CA0301700,"San Clemente,CA",22,57,11,68,2020
CA0301800,"San Juan Capistrano,CA",66,61,24,20,2020
CA0301900,"Santa Ana,CA",2,51,92,21,2020
CA0302000,"Seal Beach,CA",49,40,46,88,2020
CA0302100,"Stanton,CA",92,49,25,69,2020
CA0302200,"Tustin,CA",50,27,28,91,2020
CA0302300,"Villa Park,CA",37,15,77,87,2020
CA0302400,"Westminster,CA",29,98,22,23,2020
CA0302500,"Yorba Linda,CA",88,19,3,29,2020
CA0302600,"Irvine,CA",90,63,21,61,2020
CA0302700,"California State University: Fullerton,CA",65,63,21,8,2020
CA030290X,"Union Pacific Railroad: Orange County,CA",95,25,15,52,2020
CA0303200,"Department of Parks and Recreation: Orange Coast,CA",45,28,43,15,2020
CA030340X,"Fairview Developmental Center,CA",30,69,35,9,2020
CA030350X,"Mission Viejo,CA",61,14,91,59,2020
CA030360X,"Dana Point,CA",56,49,87,56,2020
CA030390X,"Laguna Niguel,CA",100,98,5,78,2020
CA030420X,"Laguna Hills,CA",56,89,84,100,2020
CA030430X,"Lake Forest,CA",59,51,16,68,2020
CA030470X,"Laguna Woods,CA",78,14,99,11,2020
CA030480X,"Rancho Santa Margarita,CA",15,89,85,4,2020
CA030490X,"Aliso Viejo,CA",34,82,37,15,2020
CA0309600,"Irvine Valley College,CA",9,48,41,86,2020
CA0309700,"University of California: Irvine,CA",4,82,48,77,2020
CA0309900,"Highway Patrol: Orange County,CA",70,98,34,41,2020
CA0310000,"Placer County Sheriff's Office,CA",53,92,81,2,2020
CA0310100,"Auburn,CA",53,91,85,50,2020
CA0310300,"Lincoln,CA",98,68,16,60,2020
CA0310400,"Rocklin,CA",62,95,20,33,2020
CA0310500,"Roseville,CA",79,24,100,31,2020
CA0310700,"Department of Parks and Recreation: Sierra,CA",81,64,68,18,2020
CA0311200,"Union Pacific Railroad: Placer County,CA",35,10,65,43,2020
CA0319900,"Highway Patrol: Placer County,CA",19,86,17,19,2020
CA0320000,"Plumas County Sheriff's Office,CA",65,61,49,53,2020
CA032030X,"Union Pacific Railroad: Plumas County,CA",69,15,9,22,2020
CA0329900,"Highway Patrol: Plumas County,CA",33,79,38,58,2020
CA0330000,"Riverside County Sheriff's Office,CA",21,41,49,25,2020
CA0330100,"Banning,CA",26,71,99,41,2020
CA0330200,"Beaumont,CA",3,50,31,3,2020
CA0330300,"Blythe,CA",32,89,28,79,2020
CA0330500,"Coachella,CA",76,14,20,17,2020
CA0330600,"Desert Hot Springs,CA",45,43,57,45,2020
CA0330800,"Hemet,CA",5,22,77,57,2020
CA0330900,"Indio,CA",17,24,41,15,2020
CA0331000,"Norco,CA",38,54,23,28,2020
CA0331100,"Palm Springs,CA",89,83,9,57,2020
CA0331200,"Perris,CA",69,88,69,49,2020
CA0331300,"Riverside,CA",45,93,54,39,2020
CA0331400,"San Jacinto,CA",49,70,54,47,2020
CA0331500,"Corona,CA",93,86,31,67,2020
CA0331600,"Indian Wells,CA",34,18,49,73,2020
CA0331700,"Rancho Mirage,CA",49,44,15,48,2020
CA0331800,"Palm Desert,CA",28,9,11,60,2020
CA033210X,"Union Pacific Railroad: Riverside County,CA",27,99,74,91,2020
CA0332400,"Department of Parks and Recreation: Inland Empire,CA",32,41,7,18,2020
CA0332500,"Cathedral City,CA",66,73,28,70,2020
CA033300X,"Lake Elsinore,CA",51,40,71,85,2020
CA033310X,"La Quinta,CA",35,55,21,66,2020
CA033320X,"Moreno Valley,CA",49,34,15,64,2020
CA033380X,"Temecula,CA",77,28,9,53,2020
CA033400X,"Calimesa,CA",89,45,16,6,2020
CA033410X,"Canyon Lake,CA",39,28,7,48,2020
CA0334200,"Murrieta,CA",54,56,70,12,2020
CA0334400,"Riverside Community College,CA",52,37,96,3,2020
CA0334900,"Menifee,CA",40,77,75,30,2020
CA033770X,"Wildomar,CA",79,31,11,64,2020
CA033790X,"Eastvale,CA",76,69,22,18,2020
CA0339700,"University of California: Riverside,CA",28,25,28,93,2020
CA0339900,"Highway Patrol: Riverside County,CA",44,32,37,79,2020
CA033A000,"Jurupa Valley,CA",82,96,20,34,2020
CA033A100,"Mt. San Jacinto College,CA",74,59,50,53,2020
CA0340000,"Sacramento County Sheriff's Office,CA",59,37,60,43,2020
CA0340100,"Folsom,CA",43,64,31,98,2020
CA0340200,"Galt,CA",81,70,16,34,2020
CA0340300,"Isleton,CA",84,24,57,100,2020
CA0340400,"Sacramento,CA",23,56,63,3,2020
CA0340800,"California State University: Sacramento,CA",36,88,92,90,2020
CA0340H00,"Elk Grove,CA",35,67,56,100,2020
CA0341201,"Department of Parks and Recreation: Gold Fields District,CA",71,80,15,30,2020
CA0341400,"Twin Rivers Unified School District,CA",21,47,80,22,2020
CA0342000,"California State Fair,CA",77,33,80,10,2020
CA0342200,"Department of Parks and Recreation: Capital,CA",43,66,10,48,2020
CA0344800,"Union Pacific Railroad: Sacramento County,CA",75,95,32,96,2020
CA034550X,"Rancho Cordova,CA",49,46,8,89,2020
CA0349600,"Citrus Heights,CA",66,35,78,99,2020
CA0349700,"University of California: Medical Center, Sacramento,CA",53,72,85,85,2020
CA0349900,"Highway Patrol: Sacramento County,CA",35,97,64,62,2020
CA0350000,"San Benito County Sheriff's Office,CA",51,7,74,70,2020
CA0350100,"Hollister,CA",29,82,10,44,2020
CA035030X,"Union Pacific Railroad: San Benito County,CA",45,78,29,99,2020
CA0359900,"Highway Patrol: San Benito County,CA",58,26,37,44,2020
CA0360000,"San Bernardino County Sheriff's Office,CA",34,100,52,21,2020
CA0360100,"Barstow,CA",32,98,77,78,2020
CA0360200,"Chino,CA",96,52,79,59,2020
CA0360300,"Colton,CA",39,69,85,56,2020
CA0360400,"Fontana,CA",63,21,73,8,2020
CA0360500,"Montclair,CA",51,11,20,40,2020
CA0360600,"Needles,CA",73,41,91,18,2020
CA0360700,"Ontario,CA",17,70,11,62,2020
CA0360800,"Redlands,CA",79,87,6,83,2020
CA0360900,"Rialto,CA",42,83,67,25,2020
CA0361000,"San Bernardino,CA",14,39,42,90,2020
CA0361100,"Upland,CA",94,14,37,97,2020
CA0361200,"Victorville,CA",28,11,81,74,2020
CA0361300,"Adelanto,CA",38,89,45,9,2020
CA0361400,"California State University: San Bernardino,CA",89,97,41,94,2020
CA0361600,"Rancho Cucamonga,CA",8,69,21,28,2020
CA036200X,"Big Bear Lake,CA",91,74,89,34,2020
CA036210X,"Grand Terrace,CA",90,21,32,79,2020
CA036220X,"Loma Linda,CA",2,96,34,60,2020
CA0362300,"San Bernardino Unified School District,CA",62,91,39,28,2020
CA0362600,"Chaffey College,CA",62,3,15,26,2020
CA036300X,"Highland,CA",46,32,82,43,2020
CA036310X,"Twentynine Palms,CA",69,44,41,64,2020
CA036320X,"Hesperia,CA",95,17,15,35,2020
CA036330X,"Apple Valley,CA",26,62,69,65,2020
CA036350X,"Yucaipa,CA",65,39,100,54,2020
CA0363900,"San Bernardino Community College,CA",24,16,7,84,2020
CA036400X,"Chino Hills,CA",70,29,40,95,2020
CA036410X,"Yucca Valley,CA",79,33,76,47,2020
CA0365000,"Fontana Unified School District,CA",12,71,25,99,2020
CA0365400,"Union Pacific Railroad: San Bernardino County,CA",90,58,56,58,2020
CA0365700,"Patton State Hospital,CA",39,63,57,14,2020
CA036590X,"Department of Parks and Recreation: Tehachapi District,CA",28,11,31,69,2020
CA0369900,"Highway Patrol: San Bernardino County,CA",20,68,73,100,2020
CA0370000,"San Diego County Sheriff's Office,CA",22,32,78,85,2020
CA0370100,"Carlsbad,CA",44,30,93,57,2020
CA0370200,"Chula Vista,CA",38,22,19,14,2020
CA0370300,"Coronado,CA",35,59,73,12,2020
CA0370400,"Del Mar,CA",50,89,93,92,2020
CA0370500,"El Cajon,CA",74,29,55,56,2020
CA0370600,"Escondido,CA",15,19,47,29,2020
CA0370700,"Imperial Beach,CA",60,98,31,30,2020
CA0370800,"La Mesa,CA",100,59,91,26,2020
CA0370900,"National City,CA",22,19,79,60,2020
CA0371000,"Oceanside,CA",63,88,82,96,2020
CA0371100,"San Diego,CA",37,76,49,86,2020
CA0371200,"San Marcos,CA",91,22,87,8,2020
CA0371300,"Vista,CA",3,36,79,48,2020
CA0371400,"San Diego State University,CA",74,80,18,23,2020
CA0371500,"Port of San Diego Harbor,CA",28,34,20,60,2020
CA0372200,"Department of Parks and Recreation: Colorado,CA",64,79,70,62,2020
CA0372400,"Department of Parks and Recreation: Ocotillo Wells,CA",51,89,80,5,2020
CA0372500,"Department of Parks and Recreation: San Diego Coast,CA",16,76,17,58,2020
CA0373200,"California State University: San Marcos,CA",19,9,34,57,2020
CA0379700,"University of California: San Diego,CA",72,47,34,64,2020
CA0379900,"Highway Patrol: San Diego County,CA",80,64,50,66,2020
CA037A100,"Lemon Grove,CA",48,41,9,34,2020
CA037A200,"Santee,CA",57,62,62,99,2020
CA037A300,"Poway,CA",95,44,28,19,2020
CA037A400,"Encinitas,CA",20,62,63,50,2020
CA037A500,"Solana Beach,CA",49,82,20,88,2020
CA0380000,"San Francisco County Sheriff's Office,CA",35,52,11,56,2020
CA0380100,"San Francisco,CA",7,21,85,61,2020
CA0380300,"San Francisco State University,CA",8,39,10,31,2020
CA0380500,"San Francisco Bay Area Rapid Transit: San Francisco County,CA",48,88,97,23,2020
CA0381900,"Union Pacific Railroad: San Francisco County,CA",45,80,17,59,2020
CA0389700,"University of California: San Francisco,CA",50,17,38,93,2020
CA0389900,"Highway Patrol: San Francisco County,CA",79,37,4,38,2020
CA0390000,"San Joaquin County Sheriff's Office,CA",2,31,83,71,2020
CA0390100,"Escalon,CA",80,31,45,63,2020
CA0390200,"Lodi,CA",83,31,36,91,2020
CA0390300,"Manteca,CA",31,49,14,90,2020
CA0390400,"Ripon,CA",56,53,64,44,2020
CA0390500,"Stockton,CA",91,27,62,30,2020
CA0390600,"Tracy,CA",14,55,88,48,2020
CA0391500,"Stockton Unified School District,CA",87,15,93,85,2020
CA0392100,"Union Pacific Railroad: San Joaquin County,CA",45,21,67,52,2020
CA0399900,"Highway Patrol: San Joaquin County,CA",67,12,65,26,2020
CA0400000,"San Luis Obispo County Sheriff's Office,CA",96,10,76,30,2020
CA0400100,"Arroyo Grande,CA",89,65,88,47,2020
CA0400200,"Grover Beach,CA",45,5,82,40,2020
CA0400300,"Morro Bay,CA",73,63,53,42,2020
CA0400400,"Paso Robles,CA",36,86,3,62,2020
CA0400500,"Pismo Beach,CA",43,54,72,95,2020
CA0400600,"San Luis Obispo,CA",27,60,22,94,2020
CA0400700,"California State Polytechnic University: San Luis Obispo,CA",30,4,30,11,2020
CA0400800,"Atascadero,CA",84,46,15,90,2020
CA0401300,"Department of Parks and Recreation: San Luis Obispo Coast,CA",49,81,23,14,2020
CA0401400,"Department of Parks and Recreation: Oceano Dunes,CA",72,82,46,81,2020
CA040160X,"Atascadero State Hospital,CA",62,36,59,56,2020
CA0401800,"Union Pacific Railroad: San Luis Obispo County,CA",70,86,52,61,2020
CA0401900,"Cuesta College,CA",61,15,99,59,2020
CA0409900,"Highway Patrol: San Luis Obispo County,CA",8,4,63,45,2020
CA0410000,"San Mateo County Sheriff's Office,CA",3,88,89,66,2020
CA0410100,"Atherton,CA",6,5,83,95,2020
CA0410200,"Belmont,CA",54,80,83,20,2020
CA0410300,"Brisbane,CA",48,47,34,9,2020
CA0410400,"Burlingame,CA",80,20,53,32,2020
CA0410500,"Colma,CA",92,25,61,55,2020
CA0410600,"Daly City,CA",4,45,62,7,2020
CA0410800,"Hillsborough,CA",19,77,54,93,2020
CA0410900,"Menlo Park,CA",30,17,51,89,2020
CA0411100,"Pacifica,CA",25,73,50,75,2020
CA0411300,"Redwood City,CA",34,77,38,88,2020
CA0411400,"San Bruno,CA",90,20,33,14,2020
CA0411600,"San Mateo,CA",26,38,13,100,2020
CA0411700,"South San Francisco,CA",71,31,93,68,2020
CA0411900,"Broadmoor,CA",21,77,29,98,2020
CA0412000,"Foster City,CA",70,50,7,44,2020
CA0412300,"San Francisco Bay Area Rapid Transit: San Mateo County,CA",63,3,67,13,2020
CA041240X,"Union Pacific Railroad: San Mateo County,CA",42,3,9,68,2020
CA0412700,"East Palo Alto,CA",11,50,26,12,2020
CA0419900,"Highway Patrol: San Mateo County,CA",84,25,83,60,2020
CA0420000,"Santa Barbara County Sheriff's Office,CA",16,94,2,76,2020
CA0420100,"Guadalupe,CA",18,12,33,40,2020
CA0420200,"Lompoc,CA",19,16,59,18,2020
CA0420300,"Santa Barbara,CA",97,79,94,30,2020
CA0420400,"Santa Maria,CA",16,49,71,51,2020
CA0420500,"Carpinteria,CA",19,54,88,88,2020
CA042070X,"Union Pacific Railroad: Santa Barbara County,CA",94,99,97,70,2020
CA0421000,"Solvang,CA",19,2,88,40,2020
CA0421100,"Allan Hancock College,CA",60,80,42,52,2020
CA0421200,"Buellton,CA",98,97,48,49,2020
CA042140X,"Goleta,CA",91,50,90,100,2020
CA0429700,"University of California: Santa Barbara,CA",49,72,86,62,2020
CA0429900,"Highway Patrol: Santa Barbara County,CA",30,16,84,35,2020
CA0430000,"Santa Clara County Sheriff's Office,CA",37,49,54,83,2020
CA0430200,"Campbell,CA",26,99,45,3,2020
CA0430300,"Cupertino,CA",29,13,76,81,2020
CA0430400,"Gilroy,CA",87,17,36,3,2020
CA0430500,"Los Altos,CA",82,26,100,20,2020
CA0430600,"Los Altos Hills,CA",89,60,43,90,2020
CA0430700,"Los Gatos,CA",75,50,94,44,2020
CA0430800,"Milpitas,CA",51,20,83,91,2020
CA0430900,"Monte Sereno,CA",32,52,86,61,2020
CA0431000,"Morgan Hill,CA",53,17,51,28,2020
CA0431100,"Mountain View,CA",52,27,46,47,2020
CA0431200,"Palo Alto,CA",39,50,99,34,2020
CA0431300,"San Jose,CA",22,34,13,7,2020
